player_name,player_height,player_weight
Freddie Gillespie,205.74,111.13004
Georges Niang,200.66,104.32616
George King,198.12,99.79024
George Hill,193.04,85.275296
Gary Trent Jr.,195.58,94.800728
Gary Payton II,190.5,88.45044
Gary Harris,193.04,95.25432
Garrison Mathews,195.58,97.52228
Georgios Kalaitzakis,200.66,87.089664
Garrett Temple,195.58,88.45044
Gabriel Lundberg,193.04,92.079176
Gabe York,190.5,86.18248
Gabe Vincent,190.5,90.7184
Furkan Korkmaz,200.66,91.625584
Gary Clark,198.12,102.0582
Gabriel Deck,198.12,104.779752
Hassan Whiteside,213.36,120.20188
Goga Bitadze,213.36,113.398
Immanuel Quickley,190.5,86.18248
Ignas Brazdeikis,198.12,100.243832
Herbert Jones,200.66,93.439952
Haywood Highsmith,193.04,99.79024
Hassani Gravett,187.96,84.821704
Harrison Barnes,203.2,102.0582
Giannis Antetokounmpo,210.82,109.769264
Hamidou Diallo,195.58,91.625584
Greg Brown III,200.66,93.439952
Grayson Allen,193.04,89.811216
Grant Williams,198.12,107.047712
Gorgui Dieng,208.28,112.490816
Gordon Hayward,200.66,102.0582
Goran Dragic,190.5,86.18248
Greg Monroe,208.28,113.398
Fred VanVleet,185.42,89.357624
Dorian Finney-Smith,200.66,99.79024
Frank Ntilikina,193.04,90.7184
Duncan Robinson,200.66,97.52228
Duane Washington Jr.,190.5,89.357624
Drew Eubanks,205.74,111.13004
Draymond Green,198.12,104.32616
Doug McDermott,200.66,102.0582
Donte DiVincenzo,193.04,92.079176
Donovan Mitchell,185.42,97.52228
Domantas Sabonis,210.82,108.86208
Dillon Brooks,200.66,102.0582
Didi Louzada,195.58,85.275296
Dewayne Dedmon,213.36,111.13004
Devonte' Graham,185.42,88.45044
Devontae Cacok,200.66,108.86208
Devon Dotson,185.42,83.91452
Isaac Bonga,203.2,81.64656
Dwight Howard,208.28,120.20188
Franz Wagner,208.28,99.79024
Dwight Powell,208.28,108.86208
Ed Davis,205.74,98.883056
Frank Kaminsky,213.36,108.86208
Frank Jackson,190.5,92.98636
Feron Hunt,203.2,88.45044
Facundo Campazzo,177.8,88.45044
Evan Mobley,210.82,97.52228
Evan Fournier,198.12,92.98636
Eugene Omoruyi,198.12,106.59412
Eric Paschall,198.12,115.66596
Eric Gordon,190.5,97.52228
Eric Bledsoe,185.42,97.068688
Enes Freedom,208.28,113.398
Emmanuel Mudiay,190.5,90.7184
Emanuel Terry,205.74,99.79024
Elijah Hughes,195.58,97.52228
Elfrid Payton,190.5,88.45044
Dylan Windler,198.12,88.904032
Isaac Okoro,195.58,102.0582
Jeff Green,203.2,106.59412
Isaiah Jackson,208.28,92.98636
Jayson Tatum,203.2,95.25432
Jaysean Paige,187.96,90.7184
Jaylen Nowell,193.04,91.171992
Jaylen Morris,195.58,83.91452
Jaylen Hoard,203.2,97.975872
Jaylen Brown,198.12,101.151016
Jay Scrubb,195.58,99.79024
Jay Huff,215.9,108.86208
Jaxson Hayes,210.82,99.79024
Javonte Smart,193.04,92.98636
Javonte Green,195.58,92.98636
Javin DeLaurier,208.28,106.140528
Jarron Cumberland,195.58,92.98636
Jarrett Culver,198.12,88.45044
Jarrett Allen,208.28,110.222856
Jeff Dowtin,190.5,80.285784
Jarred Vanderbilt,205.74,97.068688
Devin Vassell,195.58,90.7184
Jerami Grant,203.2,95.25432
Jon Teske,215.9,120.20188
John Konchar,195.58,95.25432
John Collins,205.74,102.511792
Joel Embiid,213.36,127.00576
Joel Ayayi,193.04,81.64656
Joe Wieskamp,198.12,92.98636
Joe Johnson,200.66,108.86208
Joe Ingles,203.2,99.79024
Joe Harris,198.12,99.79024
Jock Landale,210.82,115.66596
Jimmy Butler,200.66,104.32616
Jevon Carter,185.42,90.7184
Jericho Sims,205.74,113.398
Jeremy Lamb,195.58,81.64656
Jeremiah Robinson-Earl,203.2,109.769264
Jemerrio Jones,195.58,79.3786
Isaiah Hartenstein,213.36,113.398
Jaren Jackson Jr.,210.82,109.769264
Jared Butler,190.5,87.543256
Jabari Parker,200.66,111.13004
JaVale McGee,213.36,122.46984
JaQuori McLaughlin,193.04,86.18248
JaMychal Green,203.2,102.965384
Ja Morant,190.5,78.925008
JT Thor,205.74,92.079176
Ivica Zubac,213.36,108.86208
Ish Wainright,195.58,113.398
Ish Smith,182.88,79.3786
Isaiah Todd,205.74,99.336648
Isaiah Thomas,175.26,83.91452
Isaiah Stewart,203.2,113.398
Isaiah Roby,203.2,104.32616
Isaiah Livers,198.12,105.233344
Isaiah Joe,193.04,74.84268
Jaden McDaniels,205.74,83.91452
Jared Harper,177.8,79.3786
Jaden Springer,193.04,91.625584
Jae'Sean Tate,193.04,104.32616
Jamorko Pickett,205.74,93.439952
James Johnson,200.66,108.86208
James Harden,195.58,99.79024
James Ennis III,198.12,97.52228
James Bouknight,193.04,86.18248
Jalen Suggs,195.58,92.98636
Jalen Smith,208.28,97.52228
Jalen McDaniels,205.74,92.98636
Jalen Johnson,203.2,99.336648
Jalen Green,193.04,84.368112
Jalen Brunson,185.42,86.18248
Jakob Poeltl,215.9,111.13004
Jake Layman,203.2,94.800728
Jaime Echenique,208.28,117.026736
Jahmi'us Ramsey,190.5,86.18248
Jae Crowder,198.12,106.59412
Devin Cannady,187.96,83.007336
Cody Zeller,210.82,108.86208
Desmond Bane,195.58,97.52228
Braxton Key,203.2,102.0582
Brandon Williams,187.96,86.18248
Brandon Knight,187.96,82.553744
Brandon Ingram,203.2,86.18248
Brandon Goodwin,182.88,81.64656
Brandon Clarke,203.2,97.52228
Brandon Boston,198.12,85.275296
Bradley Beal,193.04,93.893544
Brad Wanamaker,190.5,95.25432
Bones Hyland,187.96,76.657048
Bol Bol,218.44,99.79024
Bojan Bogdanovic,200.66,102.511792
Bogdan Bogdanovic,198.12,102.0582
Bobby Portis,208.28,113.398
Boban Marjanovic,220.98,131.54168
Brodric Thomas,195.58,83.91452
Blake Griffin,205.74,113.398
Brook Lopez,213.36,127.912944
Bruno Fernando,205.74,108.86208
Carlik Jones,182.88,78.925008
Caris LeVert,198.12,92.98636
Cameron Payne,185.42,83.007336
Cameron Oliver,203.2,108.408488
Cameron McGriff,200.66,99.79024
Cameron Johnson,203.2,95.25432
Cam Thomas,190.5,95.25432
Cam Reddish,203.2,98.429464
Caleb Martin,195.58,92.98636
Cade Cunningham,198.12,99.79024
CJ Miles,198.12,99.79024
CJ McCollum,190.5,86.18248
CJ Elleby,198.12,90.7184
Buddy Hield,193.04,99.79024
Bryn Forbes,187.96,92.98636
Bruce Brown,193.04,91.625584
Carmelo Anthony,200.66,107.954896
Bismack Biyombo,203.2,115.66596
Bam Adebayo,205.74,115.66596
Alex Len,213.36,113.398
Alex Caruso,195.58,84.368112
Alekesej Pokusevski,213.36,86.18248
Aleem Ford,203.2,99.79024
Alec Burks,198.12,97.068688
Al Horford,205.74,108.86208
Ahmad Caver,187.96,78.925008
Admiral Schofield,195.58,109.315672
Ade Murkey,195.58,90.7184
Abdel Nader,195.58,102.0582
Aaron Wiggins,193.04,86.18248
Aaron Nesmith,195.58,97.52228
Aaron Holiday,182.88,83.91452
Aaron Henry,195.58,95.25432
Aaron Gordon,203.2,106.59412
Alfonzo McKinnie,200.66,97.52228
Ben McLemore,190.5,88.45044
Alize Johnson,203.2,96.161504
Amir Coffey,200.66,95.25432
BJ Johnson,198.12,90.7184
Ayo Dosunmu,193.04,90.7184
Avery Bradley,190.5,81.64656
Austin Rivers,193.04,90.7184
Austin Reaves,195.58,89.357624
Arnoldas Kulboka,208.28,94.800728
Armoni Brooks,190.5,88.45044
Anthony Lamb,198.12,102.965384
Anthony Gill,200.66,104.32616
Anthony Edwards,193.04,102.0582
Anthony Davis,208.28,114.758776
Anfernee Simons,190.5,82.100152
Andrew Wiggins,200.66,89.357624
Andre Iguodala,198.12,97.52228
Andre Drummond,208.28,126.552168
Alperen Sengun,208.28,110.222856
Carsen Edwards,180.34,90.7184
Cassius Stanley,195.58,86.18248
Cassius Winston,185.42,83.91452
De'Anthony Melton,187.96,90.7184
De'Andre Hunter,203.2,100.243832
De'Aaron Fox,190.5,83.91452
Day'Ron Sharpe,205.74,120.20188
Davon Reed,195.58,93.439952
Davis Bertans,208.28,102.0582
Davion Mitchell,182.88,91.625584
David Nwaba,195.58,99.336648
David Johnson,193.04,92.079176
David Duke Jr.,193.04,92.532768
Darren Collison,182.88,72.57472
Darius Garland,185.42,87.089664
Darius Bazley,203.2,94.347136
Danuel House Jr.,198.12,99.79024
Danny Green,198.12,97.52228
DeAndre Jordan,210.82,120.20188
Danilo Gallinari,208.28,107.047712
DeAndre' Bembry,195.58,95.25432
DeMar DeRozan,198.12,99.79024
Derrick White,193.04,86.18248
Derrick Walton Jr.,182.88,83.91452
Derrick Rose,187.96,90.7184
Derrick Jones Jr.,198.12,95.25432
Derrick Favors,205.74,120.20188
Denzel Valentine,193.04,99.79024
Dennis Smith Jr.,187.96,92.98636
Dennis Schroder,185.42,78.017824
Deni Avdija,205.74,95.25432
Delon Wright,195.58,83.91452
Dejounte Murray,193.04,81.64656
Deividas Sirvydis,203.2,86.18248
Deandre Ayton,210.82,113.398
Dean Wade,205.74,103.418976
DeMarcus Cousins,208.28,122.46984
DeJon Jarreau,195.58,83.91452
Daniel Theis,205.74,111.13004
Daniel Oturu,203.2,108.86208
Daniel Gafford,205.74,106.140528
Chuma Okeke,198.12,103.872568
Christian Wood,205.74,97.068688
Chris Silva,203.2,106.140528
Chris Paul,182.88,79.3786
Chris Duarte,195.58,86.18248
Chris Chiozza,180.34,79.3786
Chris Boucher,205.74,90.7184
Chimezie Metu,205.74,102.0582
Cheick Diallo,203.2,99.336648
Chaundee Brown Jr.,195.58,97.52228
Charlie Brown Jr.,198.12,90.264808
Charles Bassey,205.74,104.32616
Chandler Hutchison,198.12,95.25432
Cedi Osman,200.66,104.32616
Cat Barber,185.42,78.471416
Clint Capela,208.28,116.119552
Coby White,193.04,88.45044
Cody Martin,198.12,92.98636
Jonas Valanciunas,210.82,120.20188
Damyean Dotson,195.58,95.25432
Damion Lee,195.58,95.25432
Damian Lillard,187.96,88.45044
Damian Jones,210.82,111.13004
Dalano Banton,200.66,92.532768
Dakota Mathias,193.04,90.7184
Daishen Nix,193.04,102.511792
Devin Booker,195.58,93.439952
DaQuan Jeffries,195.58,100.697424
D.J. Augustin,180.34,83.007336
D'Angelo Russell,193.04,87.543256
Craig Sword,190.5,88.904032
Cory Joseph,190.5,90.7184
Corey Kispert,198.12,101.604608
Collin Sexton,185.42,86.18248
Cole Anthony,190.5,83.91452
D.J. Wilson,208.28,104.779752
Jonathan Kuminga,200.66,102.0582
Klay Thompson,198.12,99.79024
Jordan Clarkson,193.04,87.996848
Santi Aldama,210.82,97.52228
Sandro Mamukelashvili,205.74,108.86208
Sam Merrill,193.04,92.98636
Sam Hauser,200.66,98.429464
Sam Dekker,203.2,99.336648
Saddiq Bey,200.66,97.52228
Saben Lee,187.96,83.007336
Ryan Arcidiacono,190.5,88.45044
Russell Westbrook,190.5,90.7184
Rui Hachimura,203.2,104.32616
Rudy Gobert,215.9,117.026736
Rudy Gay,203.2,113.398
Royce O'Neale,195.58,102.511792
Romeo Langford,195.58,97.975872
Rodney McGruder,193.04,92.98636
Scottie Barnes,200.66,102.0582
Rodney Hood,203.2,94.347136
Scottie Lewis,195.58,83.91452
Sekou Doumbouya,205.74,104.32616
Zylan Cheatham,195.58,99.79024
Sterling Brown,195.58,99.336648
Stephen Curry,187.96,83.91452
Stanley Johnson,198.12,109.769264
Spencer Dinwiddie,198.12,97.52228
Solomon Hill,198.12,102.511792
Skylar Mays,193.04,92.98636
Sharife Cooper,185.42,79.832192
Shaquille Harrison,193.04,88.45044
Shaq Buchanan,190.5,86.18248
Shake Milton,195.58,92.98636
Shai Gilgeous-Alexander,198.12,81.64656
Seth Curry,187.96,83.91452
Serge Ibaka,208.28,106.59412
Semi Ojeleye,198.12,108.86208
Scotty Hopson,200.66,92.532768
Ziaire Williams,205.74,83.91452
Robin Lopez,213.36,127.459352
Robert Williams III,205.74,107.501304
Paul Reed,205.74,95.25432
Paul Millsap,200.66,116.573144
Paul George,203.2,99.79024
Patty Mills,182.88,81.64656
Patrick Williams,200.66,97.52228
Patrick Beverley,185.42,81.64656
Pat Connaughton,195.58,94.800728
Pascal Siakam,203.2,104.32616
Paris Bass,203.2,90.7184
P.J. Washington,200.66,104.32616
P.J. Tucker,195.58,111.13004
P.J. Dozier,198.12,92.98636
Otto Porter Jr.,203.2,89.811216
Oshae Brissett,200.66,95.25432
Onyeka Okongwu,203.2,108.86208
Paul Watson,198.12,95.25432
Robert Woodard II,198.12,106.59412
Payton Pritchard,185.42,88.45044
Precious Achiuwa,203.2,102.0582
Robert Covington,200.66,94.800728
Rob Edwards,195.58,92.98636
Ricky Rubio,187.96,86.18248
Richaun Holmes,208.28,106.59412
Reggie Perry,203.2,113.398
Reggie Jackson,187.96,94.347136
Reggie Bullock,198.12,92.98636
Rayjon Tucker,190.5,94.800728
Raul Neto,187.96,81.64656
Rajon Rondo,185.42,81.64656
RJ Nembhard Jr.,193.04,90.7184
RJ Barrett,198.12,97.068688
R.J. Hampton,193.04,79.3786
Quinndary Weatherspoon,190.5,92.98636
Quentin Grimes,193.04,95.25432
Petr Cornelie,210.82,99.79024
Omer Yurtseven,210.82,124.7378
Zeke Nnaji,205.74,108.86208
Zach LaVine,195.58,90.7184
Timothe Luwawu-Cabarrot,200.66,97.52228
Tobias Harris,200.66,102.511792
Tomas Satoransky,200.66,95.25432
Tony Bradley,208.28,112.490816
Tony Snell,198.12,96.615096
Torrey Craig,200.66,100.243832
Trae Young,185.42,74.389088
Trayvon Palmer,198.12,90.7184
Tre Jones,185.42,83.91452
Tre Mann,190.5,80.739376
Tremont Waters,177.8,79.3786
Trendon Watford,203.2,107.501304
Trent Forrest,193.04,95.25432
Trevelin Queen,198.12,86.18248
Trevon Scott,203.2,102.0582
Tim Hardaway Jr.,195.58,92.98636
Trevor Ariza,203.2,97.52228
Tim Frazier,182.88,77.11064
Theo Pinson,195.58,96.161504
Steven Adams,210.82,120.20188
Svi Mykhailiuk,200.66,92.98636
T.J. McConnell,185.42,86.18248
Tacko Fall,228.6,141.067112
Taj Gibson,205.74,105.233344
Talen Horton-Tucker,193.04,106.140528
Taurean Prince,198.12,98.883056
Terance Mann,195.58,97.52228
Terence Davis,193.04,91.171992
Terrence Ross,198.12,93.439952
Terry Rozier,185.42,86.18248
Terry Taylor,195.58,104.32616
Thaddeus Young,203.2,106.59412
Thanasis Antetokounmpo,198.12,99.336648
Theo Maledon,193.04,79.3786
Thomas Bryant,208.28,112.490816
Zavier Simpson,182.88,86.18248
Trey Burke,182.88,83.91452
Trey Murphy III,203.2,93.439952
Wayne Ellington,193.04,93.893544
Wayne Selden,193.04,105.233344
Wendell Carter Jr.,208.28,122.46984
Wenyen Gabriel,205.74,92.98636
Wes Iwundu,198.12,88.45044
Wesley Matthews,193.04,99.79024
Will Barton,195.58,82.100152
Willie Cauley-Stein,213.36,108.86208
Willy Hernangomez,210.82,113.398
Xavier Moon,187.96,74.84268
Xavier Sneed,195.58,97.52228
Xavier Tillman Sr.,203.2,111.13004
Yuta Watanabe,205.74,97.52228
Yves Pons,195.58,93.439952
Zach Collins,210.82,113.398
Vlatko Cancar,203.2,107.047712
Trey Lyles,205.74,106.140528
Vit Krejci,203.2,88.45044
Vernon Carey Jr.,205.74,122.46984
Tristan Thompson,205.74,115.212368
Troy Brown Jr.,198.12,97.52228
Ty Jerome,195.58,88.45044
Tyler Cook,203.2,115.66596
Tyler Hall,195.58,94.800728
Tyler Herro,195.58,88.45044
Tyler Johnson,190.5,84.368112
Tyrell Terry,187.96,72.57472
Tyrese Haliburton,195.58,83.91452
Tyrese Maxey,187.96,90.7184
Tyrone Wallace,195.58,89.811216
Tyus Jones,182.88,88.904032
Udoka Azubuike,213.36,122.46984
Udonis Haslem,203.2,106.59412
Usman Garuba,203.2,103.872568
Victor Oladipo,193.04,96.615096
Jordan Bell,200.66,97.975872
Olivier Sarr,213.36,108.86208
OG Anunoby,200.66,105.233344
Killian Hayes,195.58,88.45044
Khris Middleton,200.66,100.697424
Khem Birch,205.74,105.686936
Kevon Looney,205.74,100.697424
Kevin Porter Jr.,193.04,92.079176
Kevin Pangos,185.42,81.192968
Kevin Love,203.2,113.851592
Kevin Knox II,200.66,97.52228
Kevin Huerter,200.66,89.811216
Kevin Durant,208.28,108.86208
Kessler Edwards,200.66,92.079176
Keon Johnson,193.04,83.91452
Kenyon Martin Jr.,195.58,97.52228
Kentavious Caldwell-Pope,195.58,92.532768
Kent Bazemore,193.04,88.45044
Killian Tillie,205.74,99.79024
Kenrich Williams,198.12,95.25432
Kira Lewis Jr.,185.42,77.11064
Kristaps Porzingis,220.98,108.86208
Leandro Bolmaro,198.12,90.7184
LeBron James,205.74,113.398
Lauri Markkanen,210.82,108.86208
Larry Nance Jr.,200.66,111.13004
Langston Galloway,185.42,90.7184
Landry Shamet,193.04,86.18248
Lance Stephenson,195.58,95.25432
Lamar Stevens,198.12,104.32616
LaMelo Ball,200.66,81.64656
LaMarcus Aldridge,210.82,113.398
Kyrie Irving,187.96,88.45044
Kyle Lowry,182.88,88.904032
Kyle Kuzma,205.74,100.243832
Kyle Guy,185.42,75.749864
Kyle Anderson,205.74,104.32616
Kris Dunn,190.5,92.98636
Lindell Wigginton,185.42,85.728888
Kemba Walker,182.88,83.460928
Kelly Olynyk,210.82,108.86208
Jrue Holiday,190.5,92.98636
Joshua Primo,193.04,85.728888
Josh Richardson,195.58,90.7184
Josh Okogie,193.04,96.615096
Josh Jackson,203.2,93.893544
Josh Hart,195.58,97.52228
Josh Green,195.58,90.7184
Josh Giddey,203.2,92.98636
Josh Christopher,190.5,97.52228
Jose Alvarado,182.88,81.192968
Jordan Schakel,198.12,90.7184
Jordan Poole,193.04,87.996848
Jordan Nwora,203.2,102.0582
Jordan McLaughlin,180.34,83.91452
Jordan Goodwin,190.5,90.7184
Juan Toscano-Anderson,198.12,94.800728
Kelly Oubre Jr.,198.12,92.079176
Juancho Hernangomez,205.74,97.068688
Justin Anderson,195.58,104.779752
Keljin Blevins,193.04,90.7184
Keldon Johnson,198.12,99.79024
Kelan Martin,195.58,104.32616
Keita Bates-Diop,203.2,103.872568
Keifer Sykes,180.34,75.749864
Karl-Anthony Towns,210.82,112.490816
Kai Jones,208.28,100.243832
KZ Okpala,203.2,97.52228
Juwan Morgan,200.66,105.233344
Jusuf Nurkic,210.82,131.54168
Justise Winslow,198.12,100.697424
Justin Robinson,185.42,88.45044
Justin Jackson,203.2,99.79024
Justin Holiday,198.12,81.64656
Justin Champagnie,198.12,93.439952
Julius Randle,203.2,113.398
Obi Toppin,205.74,99.79024
Lindy Waters III,198.12,97.52228
Lonzo Ball,198.12,86.18248
Mychal Mulder,190.5,88.45044
Moses Wright,203.2,102.511792
Moses Moody,195.58,95.707912
Moses Brown,218.44,111.13004
Moritz Wagner,210.82,111.13004
Montrezl Harrell,200.66,108.86208
Monte Morris,187.96,83.007336
Mo Bamba,213.36,104.779752
Miye Oni,195.58,93.439952
Mitchell Robinson,213.36,108.86208
Miles McBride,185.42,88.45044
Miles Bridges,200.66,102.0582
Mike Muscala,208.28,108.86208
Mike Conley,185.42,79.3786
Mikal Bridges,198.12,94.800728
Myles Powell,187.96,88.45044
Michael Porter Jr.,208.28,98.883056
Myles Turner,210.82,113.398
Nassir Little,195.58,99.79024
Norvel Pelle,208.28,104.779752
Norman Powell,190.5,97.52228
Nikola Vucevic,208.28,117.93392
Nikola Jokic,210.82,128.820128
Nik Stauskas,198.12,93.893544
Nicolas Batum,203.2,104.32616
Nickeil Alexander-Walker,195.58,92.98636
Nick Richards,213.36,111.13004
Nic Claxton,210.82,97.52228
Nerlens Noel,210.82,99.79024
Nemanja Bjelica,205.74,106.140528
Neemias Queta,213.36,112.490816
Naz Reid,205.74,119.748288
Nathan Knight,208.28,114.758776
Nate Hinton,195.58,95.25432
Naji Marshall,200.66,99.79024
Lonnie Walker IV,193.04,92.532768
Melvin Frazier Jr.,195.58,97.52228
Maxi Kleber,208.28,108.86208
Malik Monk,190.5,90.7184
Malik Fitts,195.58,104.32616
Malik Beasley,193.04,84.821704
Malcolm Hill,198.12,99.79024
Malcolm Brogdon,195.58,103.872568
Malachi Flynn,185.42,79.3786
Mac McClung,187.96,83.91452
M.J. Walker,195.58,96.615096
Luke Kornet,218.44,113.398
Luke Kennard,195.58,93.439952
Luka Garza,208.28,110.222856
Luka Doncic,200.66,104.32616
Luguentz Dort,190.5,97.52228
Louis King,200.66,92.98636
Lou Williams,187.96,79.3786
Malik Newman,190.5,86.18248
McKinley Wright IV,180.34,87.089664
Mamadi Diakite,205.74,103.418976
Marcus Morris Sr.,203.2,98.883056
Max Strus,195.58,97.52228
Maurice Harkless,200.66,99.79024
Matt Thomas,190.5,86.18248
Matt Ryan,200.66,97.52228
Matt Mooney,187.96,90.264808
Matisse Thybulle,195.58,91.171992
Mason Plumlee,210.82,115.212368
Mason Jones,193.04,90.7184
Marvin Bagley III,210.82,106.59412
Marquese Chriss,205.74,108.86208
Markus Howard,177.8,79.3786
Marko Simonovic,210.82,99.79024
Markieff Morris,205.74,111.13004
Markelle Fultz,193.04,94.800728
Marcus Smart,193.04,99.79024
Marcus Garrett,195.58,92.98636
Micah Potter,208.28,112.490816
Luka Samanic,208.28,102.965384
Khyri Thomas,190.5,95.25432
Kostas Antetokounmpo,208.28,90.7184
Mike James,185.42,79.3786
Mike Scott,200.66,107.501304
Michael Carter-Williams,195.58,86.18248
Mfiondu Kabengele,205.74,113.398
Marc Gasol,210.82,115.66596
Marques Bolden,208.28,112.944408
Matthew Dellavedova,190.5,90.7184
Meyers Leonard,213.36,117.93392
Jaylen Adams,182.88,102.0582
Jerome Robinson,193.04,86.18248
John Wall,190.5,95.25432
Jontay Porter,210.82,108.86208
Jordan Bone,187.96,81.64656
Jeremiah Martin,187.96,83.91452
Jeff Teague,190.5,88.45044
James Wiseman,213.36,108.86208
Jared Dudley,198.12,107.501304
Jarrell Brantley,195.58,113.398
Kawhi Leonard,200.66,102.0582
Kendrick Nunn,187.96,86.18248
Karim Mane,190.5,86.18248
Josh Hall,205.74,86.18248
Justin James,200.66,86.18248
Justin Patton,210.82,109.315672
Nate Darling,198.12,90.7184
Thon Maker,213.36,100.243832
T.J. Leaf,208.28,100.697424
T.J. Warren,203.2,99.79024
Terrance Ferguson,198.12,86.18248
Will Magnay,208.28,106.140528
Xavier Tillman,203.2,111.13004
Yogi Ferrell,182.88,80.739376
Zion Williamson,200.66,128.820128
Vincent Poirier,213.36,106.59412
Ty-Shon Alexander,190.5,88.45044
Tyler Bey,200.66,97.52228
James Nunnally,200.66,92.98636
Sindarius Thornwell,193.04,97.52228
PJ Dozier,198.12,92.98636
Patrick McCaw,200.66,82.100152
Patrick Patterson,203.2,106.59412
Nico Mannion,187.96,86.18248
Nicolas Claxton,210.82,97.52228
Nicolo Melli,205.74,107.047712
Noah Vonleh,208.28,116.573144
Rondae Hollis-Jefferson,198.12,98.429464
Sean McDermott,198.12,88.45044
Rodions Kurucs,205.74,103.418976
Ray Spalding,205.74,102.0582
Quinn Cook,185.42,81.64656
Robert Franks,200.66,102.0582
Chasson Randle,187.96,83.91452
Cameron Reynolds,200.66,102.0582
Darius Miller,198.12,102.0582
Dario Saric,208.28,102.0582
Dante Exum,195.58,97.068688
Cristiano Felicio,210.82,122.46984
Andre Roberson,200.66,95.25432
Anderson Varejao,210.82,117.93392
Amida Brimah,208.28,104.32616
Alen Smailagic,208.28,97.52228
Aleksej Pokusevski,213.36,86.18248
Al-Farouq Aminu,203.2,99.79024
Adam Mokoka,193.04,86.18248
Anthony Tolliver,203.2,108.86208
Anzejs Pasecniks,215.9,103.872568
Bruno Caboclo,205.74,98.883056
Brian Bowen II,198.12,86.18248
Ben Simmons,210.82,108.86208
Axel Toupane,200.66,95.25432
Ashton Hagans,190.5,86.18248
Aron Baynes,208.28,117.93392
Henry Ellenson,208.28,108.86208
Harry Giles III,210.82,108.86208
Greg Whittington,203.2,95.25432
Grant Riller,187.96,86.18248
Glenn Robinson III,198.12,100.697424
Iman Shumpert,195.58,96.161504
Jamal Murray,190.5,97.52228
Jalen Lecque,193.04,83.91452
Jalen Harris,195.58,88.45044
Jahlil Okafor,208.28,122.46984
JaKarr Sampson,200.66,97.068688
JJ Redick,190.5,90.7184
Frank Mason,180.34,86.18248
Donta Hall,208.28,104.32616
Enes Kanter,208.28,113.398
Elijah Bryant,195.58,95.25432
Ersan Ilyasova,205.74,106.59412
Edmond Sumner,193.04,88.904032
Dwayne Bacon,198.12,100.243832
E'Twaun Moore,190.5,86.636072
Marvin Williams,203.2,107.501304
Marko Guduric,198.12,91.171992
Mario Hezonja,203.2,99.79024
Marial Shayok,195.58,89.811216
Marco Belinelli,195.58,99.79024
Malcolm Miller,200.66,95.25432
Nigel Williams-Goss,187.96,86.18248
Naz Mitrou-Long,190.5,98.883056
Michael Kidd-Gilchrist,198.12,105.233344
Michael Frazier II,190.5,90.7184
Luc Mbah a Moute,203.2,104.32616
Kadeem Allen,185.42,90.7184
Justin Wright-Foreman,182.88,86.18248
Josh Reaves,193.04,97.068688
Kevin Hervey,205.74,104.32616
Lance Thomas,203.2,102.0582
Kyle O'Quinn,205.74,113.398
Kyle Alexander,208.28,97.975872
Ky Bowman,185.42,84.821704
Kyle Korver,200.66,96.161504
Troy Daniels,193.04,90.7184
Treveon Graham,195.58,99.336648
Thabo Sefolosha,198.12,97.52228
Tariq Owens,208.28,92.98636
Zhaire Smith,190.5,92.98636
Zach Norvell Jr.,195.58,92.98636
Wilson Chandler,203.2,106.59412
William Howard,203.2,93.893544
Vince Carter,198.12,99.79024
Vic Law,200.66,91.171992
Tyson Chandler,213.36,106.59412
Tyler Zeller,210.82,113.398
Omari Spellman,203.2,111.13004
Stanton Kidd,198.12,97.975872
Skal Labissiere,208.28,106.59412
Josh Magette,185.42,72.57472
Shamorie Ponds,182.88,79.3786
Shabazz Napier,182.88,79.3786
Ryan Broekhoff,198.12,97.52228
Ryan Anderson,205.74,108.86208
Josh Gray,182.88,81.64656
Courtney Lee,195.58,97.52228
Corey Brewer,205.74,85.275296
Chris Clemons,175.26,81.64656
Dewan Hernandez,208.28,106.59412
Devon Hall,195.58,97.52228
Deonte Burton,193.04,108.86208
DeMarre Carroll,198.12,97.52228
Daryl Macon,187.96,83.91452
Chandler Parsons,205.74,104.32616
Antonius Cleveland,195.58,88.45044
Ante Zizic,208.28,120.655472
Amile Jefferson,205.74,100.697424
Allonzo Trier,193.04,90.7184
Allen Crabbe,195.58,96.161504
Caleb Swanigan,205.74,117.93392
Dion Waiters,190.5,95.25432
Jarrod Uthoff,205.74,99.79024
Jamal Crawford,195.58,90.7184
Jacob Evans,193.04,95.25432
JR Smith,198.12,99.79024
Jordan McRae,195.58,81.192968
Jonathan Isaac,210.82,104.32616
Jonah Bolden,203.2,102.0582
Johnathan Williams,205.74,103.418976
Johnathan Motley,203.2,104.32616
John Henson,205.74,99.336648
Joe Chealey,193.04,86.18248
Joakim Noah,210.82,105.233344
Jerian Grant,193.04,89.811216
Jeremy Pargo,187.96,99.336648
J.P. Macura,193.04,92.079176
Evan Turner,198.12,99.79024
Eric Mika,208.28,105.686936
Elie Okobo,190.5,86.18248
Dzanan Musa,205.74,98.429464
Dusty Hannahs,190.5,95.25432
Dragan Bender,213.36,112.944408
J.J. Barea,177.8,81.64656
Ian Mahinmi,210.82,118.841104
TJ Leaf,208.28,102.0582
Terrence Jones,205.74,114.305184
Tahjere McCall,195.58,86.18248
Raymond Felton,185.42,92.98636
Rawle Alkins,195.58,102.0582
RJ Hunter,195.58,83.91452
Quincy Pondexter,200.66,104.32616
Quincy Acy,200.66,108.86208
Pau Gasol,213.36,113.398
Ron Baker,193.04,99.79024
Shelvin Mack,190.5,92.079176
Shaun Livingston,200.66,87.089664
Scott Machado,185.42,92.98636
Salah Mejri,218.44,106.59412
Alan Williams,203.2,120.20188
Zaza Pachulia,210.82,122.46984
Zach Lofton,193.04,81.64656
Alex Abrines,198.12,90.7184
Yante Maten,203.2,108.86208
Wesley Johnson,200.66,97.52228
Alex Poythress,205.74,106.59412
Antonio Blakeney,193.04,87.089664
Angel Delgado,208.28,111.13004
Andrew Harrison,198.12,96.615096
Andrew Bogut,213.36,117.93392
Andre Ingram,190.5,86.18248
Amir Johnson,205.74,108.86208
Trevon Duval,187.96,85.728888
Tony Parker,187.96,83.91452
Thomas Welsh,213.36,115.66596
Troy Caupain,193.04,95.25432
Walt Lemon Jr.,190.5,81.64656
Wade Baldwin IV,193.04,90.7184
Vincent Edwards,203.2,102.0582
Tyreke Evans,198.12,99.79024
Tyler Ulis,177.8,72.57472
Tyler Lydon,208.28,102.0582
Tyler Dorsey,195.58,83.007336
Tyler Davis,208.28,120.655472
Tyler Cavanaugh,205.74,107.954896
Troy Williams,200.66,98.883056
Omri Casspi,205.74,102.0582
Dwyane Wade,193.04,99.79024
Ekpe Udoh,208.28,111.13004
Eric Moreland,208.28,107.954896
Devin Harris,190.5,83.91452
Devin Robinson,203.2,90.7184
Deyonta Davis,210.82,107.501304
Dirk Nowitzki,213.36,111.13004
Donatas Motiejunas,213.36,99.79024
Donte Grantham,203.2,97.52228
Ian Clark,190.5,79.3786
Ike Anigbogu,208.28,113.398
Isaac Humphries,213.36,117.93392
Isaiah Briscoe,190.5,97.52228
Isaiah Canaan,182.88,90.7184
Isaiah Hicks,205.74,104.32616
Ivan Rabb,208.28,99.79024
Gerald Green,200.66,92.98636
Guerschon Yabusele,203.2,117.93392
C.J. Williams,195.58,102.511792
Channing Frye,213.36,115.66596
Billy Garrett,198.12,97.52228
Bonzie Colson,198.12,102.0582
Brandon Sampson,195.58,83.460928
DeVaughn Akoon-Purcell,198.12,90.7184
Demetrius Jackson,185.42,91.171992
Deng Adel,200.66,90.7184
DJ Stephens,195.58,85.275296
Daniel Hamilton,200.66,88.45044
Dante Cunningham,203.2,104.32616
Dairis Bertans,193.04,90.7184
Lorenzo Brown,195.58,85.728888
Luol Deng,205.74,107.501304
Malachi Richardson,198.12,92.98636
MarShon Brooks,195.58,90.7184
Marcin Gortat,210.82,108.86208
Marcus Derrickson,200.66,112.944408
Kobi Simmons,193.04,77.11064
Kosta Koufos,213.36,111.13004
Nene,210.82,113.398
Nick Young,200.66,95.25432
Nikola Mirotic,208.28,113.398
Okaro White,203.2,92.98636
Mitchell Creek,198.12,102.0582
Milos Teodosic,195.58,88.904032
Michael Beasley,205.74,106.59412
Miles Plumlee,210.82,112.944408
Jeremy Lin,190.5,90.7184
Jerryd Bayless,190.5,90.7184
Jimmer Fredette,187.96,88.45044
Jodie Meeks,193.04,95.25432
Jawun Evans,182.88,86.18248
Jason Smith,213.36,108.86208
Jalen Jones,200.66,99.79024
Jared Terrell,190.5,102.965384
Jarell Martin,208.28,108.408488
Jaron Blossomgame,203.2,99.79024
Julian Washburn,203.2,94.800728
Kalin Lucas,185.42,88.45044
Kenneth Faried,203.2,99.79024
John Holland,195.58,92.98636
John Jenkins,193.04,97.52228
Jon Leuer,208.28,103.418976
Jonas Jerebko,208.28,104.779752
Jonathon Simmons,198.12,88.45044
Jordan Loyd,193.04,95.25432
Jordan Sibert,193.04,84.821704
Jose Calderon,190.5,90.7184
Zhou Qi,215.9,95.25432
Jonathan Gibson,187.96,83.91452
Dwight Buycks,190.5,86.18248
Derrick Williams,203.2,108.86208
Gian Clavell,193.04,83.91452
Georgios Papagiannis,215.9,108.86208
Erik McCree,203.2,102.0582
Emeka Okafor,208.28,115.66596
Cole Aldrich,210.82,114.758776
Chris McCullough,205.74,97.52228
Chinanu Onuaku,208.28,111.13004
Charles Cooke,195.58,88.904032
Brice Johnson,208.28,104.32616
Briante Weber,187.96,74.84268
Brandon Paul,193.04,90.7184
Brandon Jennings,185.42,77.11064
DeAndre Liggins,198.12,94.800728
David West,205.74,113.398
David Stockton,180.34,74.84268
Darrun Hilliard,198.12,99.79024
Darrell Arthur,205.74,106.59412
Damien Wilkins,198.12,98.429464
Dakari Johnson,213.36,115.66596
Jarrett Jack,190.5,90.7184
Jarell Eddie,200.66,98.883056
Jamil Wilson,200.66,103.872568
James Young,198.12,97.52228
James Webb III,205.74,91.625584
James Michael McAdoo,205.74,104.32616
Jamel Artis,200.66,96.615096
Jameer Nelson,182.88,86.18248
Jameel Warney,203.2,117.93392
Brandan Wright,208.28,106.59412
Bobby Brown,187.96,79.3786
Ben Moore,203.2,99.79024
Jason Terry,187.96,83.91452
Johnny O'Bryant III,205.74,116.573144
Joffrey Lauvergne,210.82,117.93392
Joel Bolomboy,205.74,106.59412
Joe Young,187.96,83.91452
Jeremy Evans,205.74,90.7184
Jeff Withey,213.36,104.32616
Aaron Brooks,182.88,73.028312
Jacob Wiley,203.2,101.151016
Jacob Pullen,185.42,90.7184
Jack Cooley,208.28,124.284208
Jabari Bird,198.12,89.811216
Isaiah Whitehead,193.04,96.615096
Isaiah Taylor,190.5,77.11064
Aaron Harrison,198.12,95.25432
Aaron Jackson,190.5,83.007336
Arron Afflalo,195.58,95.25432
Anthony Brown,200.66,101.604608
Andrew White III,200.66,95.25432
Alec Peters,205.74,106.59412
Al Jefferson,208.28,127.00576
Adreian Payne,208.28,107.501304
Tyler Ennis,190.5,87.996848
Vander Blue,195.58,90.7184
Xavier Silas,195.58,92.98636
Xavier Rathan-Mayes,193.04,94.347136
Xavier Munford,193.04,78.471416
Willie Reed,210.82,111.13004
Vincent Hunter,203.2,94.347136
Trey McKinney-Jones,195.58,99.79024
Trevor Booker,203.2,103.418976
Tarik Black,205.74,113.398
Travis Wear,208.28,102.0582
Tony Allen,193.04,96.615096
Timofey Mozgov,215.9,124.7378
Tim Quarterman,198.12,86.18248
Zach Randolph,205.74,113.398
Marcus Georges-Hunt,195.58,102.511792
Marcus Paige,182.88,74.389088
Mario Chalmers,187.96,86.18248
Markel Brown,190.5,86.18248
Marquis Teague,187.96,85.728888
Manu Ginobili,198.12,92.98636
Marreese Speights,208.28,115.66596
Mangok Mathiang,208.28,104.32616
Lucas Nogueira,213.36,99.79024
Luis Montero,200.66,90.7184
Luke Babbitt,205.74,102.0582
Malcolm Delaney,190.5,86.18248
Marshall Plumlee,213.36,113.398
Myke Henry,198.12,95.25432
Nate Wolters,193.04,86.18248
Nick Collison,208.28,115.66596
Nicolas Brussino,203.2,88.45044
Nigel Hayes,200.66,115.212368
Mirza Teletovic,205.74,109.769264
Milton Doyle,193.04,81.64656
Matt Costello,208.28,108.86208
Matt Williams Jr.,195.58,95.25432
Mindaugas Kuzminskas,205.74,97.52228
Julyan Stone,198.12,90.7184
Josh Smith,205.74,102.0582
Josh McRoberts,208.28,108.86208
Josh Huestis,200.66,104.32616
Jordan Mickey,203.2,106.59412
Jordan Crawford,195.58,88.45044
Kay Felder,175.26,79.832192
Kendrick Perkins,208.28,122.46984
Kyle Collinsworth,198.12,95.25432
Kyle Singler,203.2,103.418976
London Perrantes,187.96,86.18248
Larry Drew II,187.96,81.64656
Reggie Hearn,195.58,95.25432
Rashad Vaughn,198.12,91.625584
Ramon Sessions,190.5,86.18248
Paul Zipser,203.2,102.511792
Omari Johnson,205.74,99.79024
Omer Asik,213.36,115.66596
Shane Larkin,180.34,79.3786
Shabazz Muhammad,198.12,100.243832
Sean Kilpatrick,193.04,96.161504
Richard Jefferson,200.66,105.686936
Rodney Purvis,193.04,92.98636
Alan Anderson,198.12,99.79024
Ty Lawson,180.34,88.45044
Toney Douglas,187.96,88.45044
Jordan Hill,208.28,108.86208
Jordan Farmar,187.96,81.64656
Semaj Christon,190.5,86.18248
Sasha Vujacic,200.66,88.45044
Ryan Kelly,210.82,104.32616
Roy Hibbert,218.44,122.46984
Ronnie Price,187.96,86.18248
Rodney Stuckey,195.58,92.98636
Reggie Williams,201,86
Sergio Rodriguez,190.5,79.832192
Tiago Splitter,210.82,111.13004
Thomas Robinson,208.28,107.501304
TJ Warren,203.2,102.0582
Steve Novak,208.28,102.0582
Stephen Zimmerman,213.36,108.86208
Spencer Hawes,215.9,111.13004
Sheldon Mac,198.12,90.7184
Shawn Long,205.74,115.66596
Justin Hamilton,213.36,115.66596
Marcelo Huertas,190.5,90.7184
Marcus Morris,205.74,106.59412
Marcus Thornton,193.04,92.98636
Matt Barnes,200.66,102.511792
Maurice Ndour,205.74,90.7184
Metta World Peace,200.66,117.93392
Michael Gbinije,200.66,90.7184
Mike Dunleavy,205.74,104.32616
Manny Harris,195.58,83.91452
Kyle Wiltjer,208.28,108.86208
Lamar Patterson,195.58,102.0582
Larry Sanders,210.82,104.32616
Lavoy Allen,205.74,117.93392
Leandro Barbosa,190.5,87.996848
Luis Scola,205.74,109.315672
Mike Miller,203.2,98.883056
Mike Tobey,213.36,117.93392
AJ Hammons,213.36,117.93392
Kevin Seraphin,208.28,126.098576
KJ McDaniels,198.12,92.98636
Justin Harper,208.28,102.0582
Monta Ellis,190.5,83.91452
Nicolas Laprovittola,193.04,81.64656
Norris Cole,187.96,79.3786
PJ Tucker,198.12,111.13004
Randy Foye,193.04,98.883056
Danuel House,200.66,97.52228
Daniel Ochefu,210.82,111.13004
Damjan Rudez,208.28,103.418976
Dahntay Jones,198.12,102.0582
Chris Andersen,208.28,111.13004
Diamond Stone,210.82,115.66596
Deron Williams,190.5,90.7184
David Lee,205.74,111.13004
Arinze Onuaku,205.74,115.66596
Archie Goodwin,195.58,92.98636
Anthony Morrow,195.58,95.25432
Anthony Bennett,203.2,106.59412
Andrew Nicholson,205.74,113.398
Alonzo Gee,198.12,102.0582
Alexis Ajinca,218.44,112.490816
Ben Bentil,205.74,106.59412
CJ Wilcox,195.58,88.45044
C.J. Watson,187.96,79.3786
Brian Roberts,185.42,78.471416
Brandon Rush,198.12,102.0582
Brandon Bass,203.2,113.398
Boris Diaw,203.2,113.398
Beno Udrih,190.5,92.98636
Kris Humphries,205.74,106.59412
Jarnell Stokes,205.74,115.66596
Jared Sullinger,205.74,117.93392
James Jones,203.2,98.883056
Rakeem Christmas,205.74,113.398
Pierre Jackson,177.8,81.64656
Paul Pierce,200.66,106.59412
Patricio Garino,198.12,92.079176
John Lucas III,180.34,75.296272
Joel Anthony,205.74,111.13004
Gary Neal,193.04,95.25432
Elijah Millsap,200.66,97.52228
Edy Tavares,220.98,120.20188
Gerald Henderson,195.58,97.52228
Hollis Thompson,203.2,93.439952
Greivis Vasquez,198.12,98.429464
Matt Bonner,208.28,106.59412
Nikola Pekovic,210.82,139.252744
Nazr Mohammed,208.28,113.398
Nate Robinson,175.26,81.64656
Mo Williams,185.42,89.811216
Mitch McGary,208.28,115.66596
Kevin Garnett,210.82,108.86208
Kendall Marshall,193.04,90.7184
Keith Appling,185.42,83.91452
O.J. Mayo,195.58,95.25432
Kevin Martin,200.66,90.264808
Lou Amundson,205.74,99.79024
Kostas Papanikolaou,203.2,106.59412
Kobe Bryant,198.12,96.161504
Kirk Hinrich,193.04,86.18248
Steve Blake,190.5,78.017824
Orlando Johnson,195.58,99.79024
Tim Duncan,210.82,113.398
Tibor Pleiss,220.98,116.119552
Tayshaun Prince,205.74,96.161504
Jorge Gutierrez,190.5,85.728888
Sonny Weems,198.12,92.98636
Tyler Hansbrough,205.74,113.398
Tony Wroten,198.12,92.98636
Shayne Whittington,210.82,113.398
Ray McCallum,190.5,86.18248
Rasual Butler,200.66,97.52228
Pablo Prigioni,190.5,83.91452
PJ Hairston,198.12,104.32616
Phil Pressey,180.34,79.3786
Sergey Karasev,200.66,94.347136
Sasha Kaun,210.82,117.93392
Russ Smith,182.88,74.84268
Robert Sacre,213.36,122.46984
Ryan Hollins,213.36,108.86208
Erick Green,193.04,83.91452
Festus Ezeli,210.82,120.20188
Greg Smith,208.28,113.398
Elton Brand,205.74,115.212368
Elliot Williams,196,86
Devyn Marble,198.12,90.7184
Donald Sloan,190.5,92.98636
Drew Gooden,208.28,113.398
Duje Dukan,205.74,99.79024
Henry Sims,208.28,112.490816
Jason Thompson,210.82,113.398
Jeff Ayres,205.74,113.398
Jared Cunningham,193.04,88.45044
JJ Hickson,205.74,109.769264
JJ O'Brien,200.66,99.79024
James Anderson,198.12,96.615096
DeJuan Blair,200.66,122.46984
Andre Miller,190.5,90.7184
Andrea Bargnani,213.36,111.13004
Andrew Goudelock,190.5,90.7184
Jordan Hamilton,200.66,99.79024
Jordan Adams,195.58,94.800728
Amar'e Stoudemire,208.28,111.13004
Alex Stepheson,208.28,122.46984
Chuck Hayes,198.12,108.86208
Cleanthony Early,203.2,95.25432
Cliff Alexander,203.2,108.86208
Cory Jefferson,205.74,98.883056
Coty Clarke,200.66,102.0582
Damien Inglis,203.2,111.583632
Chris Johnson,198.12,93.439952
Branden Dawson,198.12,102.0582
Bryce Cotton,185.42,74.84268
Bryce Dejean-Jones,198.12,92.079176
Chris Kaman,213.36,120.20188
Cameron Bairstow,205.74,113.398
Carl Landry,205.74,112.490816
Caron Butler,200.66,103.418976
Charlie Villanueva,210.82,105.233344
Chase Budinger,200.66,94.800728
Chris Bosh,210.82,106.59412
Chris Copeland,205.74,108.408488
Joel Freeland,208.28,102.0582
Jerome Jordan,213.36,114.758776
Jerrelle Benimon,203,111
Joey Dorsey,205.74,124.7378
John Salmons,198.12,95.25432
Landry Fields,200.66,97.52228
Lester Hudson,190.5,86.18248
Luke Ridnour,187.96,79.3786
Kenyon Martin,205.74,102.0582
Jerel McNeal,190.5,90.7184
Gigi Datome,203.2,97.52228
Glen Davis,205.74,131.088088
Glen Rice,198.12,93.439952
Gerald Wallace,200.66,99.79024
Grant Jerrett,208.28,105.233344
Greg Stiemsma,210.82,117.93392
Hedo Turkoglu,208.28,99.79024
Henry Walker,198.12,106.59412
Francisco Garcia,200.66,97.52228
Furkan Aldemir,208.28,108.86208
Gal Mekel,190.5,86.636072
Jannero Pargo,185.42,83.91452
Jason Maxiell,200.66,117.93392
Jason Richardson,198.12,102.0582
Malcolm Lee,195.58,90.7184
Jeff Adrien,201,111
Jeffery Taylor,200.66,102.0582
Jabari Brown,195.58,97.068688
Jamaal Franklin,195.58,86.636072
Malcolm Thomas,205.74,102.0582
Sim Bhullar,226.06,163.29312
Shawne Williams,208.28,104.32616
Shawn Marion,200.66,103.418976
Shavlik Randolph,208.28,107.047712
Samuel Dalembert,210.82,115.66596
Sebastian Telfair,182.88,77.11064
Shannon Brown,190.5,97.52228
Victor Claver,205.74,101.604608
Will Cherry,183,83
Willie Green,190.5,92.98636
Xavier Henry,198.12,99.79024
Zoran Dragic,195.58,90.7184
Will Bynum,182.88,83.91452
Tyrus Thomas,208.28,102.0582
Toure' Murry,195.58,88.45044
Ronny Turiaf,208.28,112.944408
Miroslav Raduljica,213.36,113.398
Nick Calathes,198.12,96.615096
Nick Johnson,190.5,91.625584
Martell Webster,200.66,104.32616
Quincy Miller,205.74,95.25432
Reggie Evans,203.2,111.13004
Ricky Ledo,200.66,88.45044
Robbie Hummel,205.74,99.336648
Perry Jones III,210.82,106.59412
Ognjen Kuzmic,213.36,117.93392
Patrick Christopher,196,94
Pero Antic,210.82,117.93392
Earl Barron,213.36,113.398
Austin Daye,210.82,99.79024
Ben Gordon,190.5,92.98636
Bernard James,208.28,106.59412
Brandon Davies,208.28,108.86208
Brendan Haywood,213.36,119.294696
Earl Clark,208.28,106.140528
AJ Price,187.96,88.45044
Alexey Shved,198.12,84.821704
Andre Dawkins,195.58,99.336648
Andrei Kirilenko,205.74,106.59412
Carlos Boozer,205.74,117.026736
Alex Kirk,213.36,111.13004
David Wear,208.28,104.32616
Dorell Wright,205.74,92.98636
Drew Gordon,205.74,111.13004
Darius Morris,193.04,88.45044
Chris Douglas-Roberts,200.66,95.25432
Cartier Martin,200.66,99.79024
Danny Granger,205.74,100.697424
Arnett Moultrie,208.28,108.86208
Byron Mullens,213.36,124.7378
Ray Allen,195.58,92.98636
Rashard Lewis,208.28,106.59412
Peyton Siva,182.88,83.91452
Carrick Felix,198.12,91.171992
DJ White,205.74,113.398
Damion James,200.66,102.0582
Daniel Orton,208.28,124.7378
Darius Johnson-Odom,187.96,97.52228
Derek Fisher,185.42,95.25432
Casper Ware,177.8,79.3786
Chauncey Billups,190.5,95.25432
Chris Babb,195.58,102.0582
Chris Singleton,205.74,103.418976
Chris Smith,187.96,90.7184
Chris Wright,205.74,102.511792
Roger Mason Jr.,195.58,92.98636
Viacheslav Kravtsov,210.82,115.212368
Tyshawn Taylor,190.5,83.91452
Vitor Faverani,210.82,117.93392
Travis Outlaw,205.74,93.893544
Tornike Shengelia,205.74,99.79024
Tony Mitchell,203.2,106.59412
Andrew Bynum,213.36,129.27372
Andris Biedrins,213.36,113.398
Antawn Jamison,205.74,106.59412
Anthony Randolph,210.82,102.0582
Ryan Gomes,200.66,111.13004
Shane Battier,203.2,99.79024
Royce White,203.2,117.93392
Royal Ivey,193.04,90.7184
Ronnie Brewer,200.66,106.59412
Shane Edwards,200.66,99.79024
Steve Nash,190.5,80.739376
Stephen Jackson,203.2,99.79024
Solomon Jones,208.28,106.59412
James Southerland,203.2,97.52228
Jan Vesely,213.36,109.769264
Jarvis Varnado,205.74,104.32616
Jason Collins,213.36,115.66596
Maalik Wayns,185.42,88.45044
Josh Childress,203.2,95.25432
Josh Harrellson,208.28,124.7378
Josh Powell,205.74,108.86208
Keith Bogans,195.58,97.52228
Jeremy Tyler,208.28,113.398
Jermaine O'Neal,210.82,115.66596
Melvin Ely,208.28,117.93392
Greg Oden,213.36,123.830616
Gustavo Ayon,208.28,113.398
Hamady Ndiaye,213.36,106.59412
Erik Murphy,208.28,104.32616
Eric Maynor,190.5,79.3786
Dexter Pittman,210.82,129.27372
Diante Garrett,193.04,86.18248
Dionte Christmas,195.58,92.98636
Doron Lamb,193.04,90.7184
Hasheem Thabeet,220.98,119.294696
Earl Watson,185.42,90.264808
Elias Harris,203.2,108.408488
Hilton Armstrong,210.82,106.59412
Nemanja Nedovic,190.5,87.089664
Nando De Colo,195.58,88.45044
Mustafa Shakur,190.5,86.18248
Mike Harris,198.12,109.769264
Jamaal Tinsley,190.5,85.275296
Othyus Jeffers,195.58,95.25432
Andray Blatche,210.82,117.93392
Aaron Gray,213.36,122.46984
Adonis Thomas,200.66,108.86208
Al Harrington,205.74,111.13004
Sam Young,198.12,102.0582
Samardo Samuels,205.74,117.93392
Sasha Pavlovic,200.66,106.59412
Quentin Richardson,198.12,103.418976
Rasheed Wallace,210.82,104.32616
Richard Hamilton,200.66,87.543256
Rodrigue Beaubois,187.96,83.91452
Terrel Harris,193.04,86.18248
Vladimir Radmanovic,208.28,106.59412
Will Conroy,187.96,88.45044
Josh Howard,200.66,95.25432
Josh Akognon,180.34,83.91452
Terrence Williams,198.12,99.79024
Tim Ohlbrecht,210.82,115.66596
Troy Murphy,210.82,111.13004
Tyler Honeycutt,203.2,85.275296
Linas Kleiza,203.2,106.140528
Kris Joseph,200.66,95.25432
Kurt Thomas,205.74,108.86208
Kwame Brown,210.82,131.54168
Lamar Odom,208.28,104.32616
Lazar Hayward,198.12,102.0582
Kim English,198.12,90.7184
Josh Selby,187.96,83.007336
Justin Dentmon,180.34,83.91452
Juwan Howard,205.74,113.398
Kevin Jones,203.2,117.93392
Kevin Murphy,198.12,83.91452
Keyon Dooling,190.5,88.45044
Luke Walton,203.2,106.59412
Luke Zeller,210.82,111.13004
Nolan Smith,187.96,83.91452
Mickael Gelabale,200.66,97.52228
Marcus Camby,210.82,108.86208
Mickael Pietrus,198.12,97.52228
Matt Carroll,198.12,96.161504
Marquis Daniels,198.12,90.7184
Eddy Curry,213.36,133.80964
Fab Melo,213.36,115.66596
DeQuan Jones,203.2,100.243832
DeSagana Diop,213.36,127.00576
DeShawn Stevenson,195.58,98.883056
Devin Ebanks,205.74,97.52228
Dominic McGuire,205.74,106.59412
Dominique Jones,195.58,97.52228
James White,200.66,97.52228
Jared Jeffries,210.82,108.86208
Jason Kidd,193.04,95.25432
Hakim Warrick,205.74,99.336648
Hamed Haddadi,218.44,120.20188
Grant Hill,203.2,102.0582
Ivan Johnson,203.2,115.66596
Ben Hansbrough,190.5,92.079176
Brandon Roy,198.12,95.707912
DaJuan Summers,203.2,108.86208
Daequan Cook,195.58,95.25432
Daniel Gibson,187.96,90.7184
Cory Higgins,195.58,81.64656
Darko Milicic,213.36,124.7378
Corey Maggette,198.12,102.0582
Carlos Delfino,198.12,104.32616
Charles Jenkins,190.5,97.52228
Chris Duhon,185.42,86.18248
Chris Quinn,187.96,79.3786
Chris Wilcox,208.28,106.59412
Jerry Stackhouse,198.12,98.883056
Johan Petro,213.36,112.037224
Joel Przybilla,215.9,111.13004
Gilbert Arenas,193.04,97.52228
Jamaal Magloire,210.82,120.20188
JaJuan Johnson,208.28,100.243832
Ike Diogu,205.74,113.398
Brian Skinner,205.74,115.66596
Brian Scalabrine,205.74,106.59412
Carldell Johnson,177.8,81.64656
Brian Cook,205.74,113.398
Brad Miller,213.36,118.387512
Brian Cardinal,203.2,108.86208
Bobby Simmons,198.12,106.59412
Blake Ahearn,187.96,86.18248
Andre Emmett,195.58,104.32616
Andres Nocioni,200.66,102.0582
Christian Eyenga,200.66,95.25432
Ben Wallace,205.74,108.86208
Ben Uzoh,190.5,92.98636
Baron Davis,190.5,96.161504
Armon Johnson,190.5,88.45044
Anthony Parker,198.12,95.25432
Anthony Carter,185.42,86.18248
Gary Forbes,200.66,99.79024
Donte Greene,210.82,102.511792
Derrick Byars,200.66,99.79024
Earl Boykins,165.1,60.327736
Erick Dampier,210.82,120.20188
Eric Dawson,205.74,113.398
Edwin Ubiles,198.12,92.532768
Eduardo Najera,203.2,106.59412
Derrick Brown,203.2,105.686936
Dennis Horner,205.74,104.32616
Dan Gadzuric,210.82,108.86208
D.J. Kennedy,195.58,97.068688
Craig Smith,200.66,120.20188
Craig Brackins,208.28,104.32616
Courtney Fortson,180.34,83.91452
Delonte West,190.5,81.64656
Darryl Watkins,210.82,117.026736
Darington Hobson,200.66,95.25432
Jamario Moon,203.2,92.98636
Francisco Elson,213.36,108.86208
Renaldo Balkman,203.2,102.0582
Rudy Fernandez,198.12,83.91452
Ryan Reid,203.2,106.59412
Raja Bell,195.58,95.25432
Mickell Gladness,210.82,99.79024
Mike Bibby,187.96,88.45044
Mikki Moore,213.36,102.0582
Morris Almond,198.12,102.0582
Mychel Thompson,198.12,95.707912
Sean Williams,208.28,106.59412
Travis Leslie,193.04,92.98636
Trey Johnson,195.58,97.52228
Trey Thompkins,208.28,111.13004
Vernon Macklin,208.28,102.965384
Yi Jianlian,213.36,113.398
Tracy McGrady,203.2,102.0582
Walker Russell,182.88,77.11064
Von Wafer,195.58,94.800728
Michael Redd,198.12,97.52228
Semih Erden,213.36,108.86208
Shelden Williams,205.74,113.398
Solomon Alabi,215.9,114.305184
Tony Battie,210.82,108.86208
T.J. Ford,182.88,74.84268
Sundiata Gaines,185.42,90.7184
Mehmet Okur,210.82,117.93392
Jon Brockman,200.66,115.66596
Jonny Flynn,182.88,83.91452
Jordan Williams,208.28,117.93392
Josh Davis,203.2,106.59412
James Singleton,203.2,104.32616
Jerry Smith,187.96,86.18248
Jerome Dyson,190.5,81.64656
Jeff Foster,210.82,113.398
Jeff Foote,213.36,120.20188
Keith Benson,210.82,104.32616
Jason Kapono,203.2,97.52228
Kelenna Azubuike,195.58,97.52228
Luke Harangody,200.66,111.13004
Maurice Evans,195.58,99.79024
Larry Owens,200.66,95.25432
Larry Hughes,195.58,83.91452
Kyrylo Fesenko,215.9,127.00576
DJ Mbenga,213.36,115.66596
Charlie Bell,190.5,90.7184
Carlos Arroyo,187.96,90.7184
Rodney Carney,200.66,92.98636
Ronald Dupree,200.66,94.800728
Darius Songaila,205.74,112.490816
Darnell Jackson,205.74,114.758776
David Andersen,210.82,112.037224
Derrick Caracter,205.74,124.7378
Theo Ratliff,208.28,106.59412
Stephen Graham,198.12,97.52228
Zydrunas Ilgauskas,220.98,117.93392
Zabian Dowdell,190.5,86.636072
Yao Ming,228.6,140.61352
Willie Warren,193.04,92.079176
Andy Rautins,193.04,86.18248
Antoine Wright,200.66,97.52228
Antonio Daniels,193.04,92.98636
Antonio McDyess,205.74,111.13004
Shaquille O'Neal,215.9,147.4174
Sean Marks,208.28,113.398
Acie Law,190.5,91.625584
Al Thornton,203.2,106.59412
Sherron Collins,180.34,92.98636
Julian Wright,203.2,102.0582
Kyle Weaver,198.12,91.171992
Joe Smith,208.28,102.0582
Joey Graham,200.66,104.32616
Maurice Ager,195.58,91.625584
Morris Peterson,200.66,99.79024
Nenad Krstic,213.36,108.86208
Leon Powe,203.2,108.86208
Luther Head,190.5,83.91452
Malik Allen,208.28,115.66596
Marcus Banks,187.96,92.98636
Marcus Cousin,210.82,111.13004
Mario West,195.58,95.25432
Jawad Williams,205.74,102.0582
Jermaine Taylor,193.04,95.25432
Eddie House,185.42,86.18248
Etan Thomas,208.28,117.93392
Fabricio Oberto,208.28,111.13004
Gani Lawal,205.74,106.140528
Garret Siler,210.82,138.34556
Jason Williams,185.42,81.64656
Quinton Ross,198.12,87.543256
Pops Mensah-Bonsu,205.74,106.59412
Pooh Jeter,180.34,79.3786
Peja Stojakovic,208.28,103.872568
Patrick Ewing,203.2,106.59412
Pape Sy,200.66,102.0582
Orien Greene,193.04,94.347136
James Posey,203.2,98.429464
Jarron Collins,210.82,112.944408
Ime Udoka,195.58,99.79024
Rasho Nesterovic,213.36,115.66596
Randolph Morris,210.82,124.7378
Rafer Alston,187.96,79.3786
Primoz Brezec,215.9,115.66596
Paul Davis,210.82,122.46984
Roko Ukic,195.58,86.18248
Ricky Davis,200.66,88.45044
Chris Hunter,210.82,108.86208
Patrick O'Bryant,213.36,113.398
Michael Finley,200.66,102.0582
Mike Wilks,177.8,81.64656
Othello Hunter,203.2,102.0582
Oliver Lafayette,187.96,86.18248
Oleksiy Pecherov,213.36,106.140528
Nathan Jawai,208.28,127.00576
Yakhouba Diawara,200.66,102.0582
Trey Gilder,205.74,92.98636
Trenton Hassell,195.58,102.965384
Travis Diener,185.42,79.3786
Tim Thomas,208.28,108.86208
Taylor Griffin,200.66,107.954896
Sean May,205.74,120.655472
Ryan Bowen,205.74,98.883056
Steven Hunter,213.36,108.86208
Chris Richard,205.74,116.119552
Coby Karl,195.58,97.52228
Chucky Atkins,180.34,83.91452
Dwayne Jones,208.28,113.851592
Desmond Mason,195.58,100.697424
Devean George,203.2,106.59412
Devin Brown,195.58,95.25432
Adam Morrison,203.2,92.98636
Cedric Jackson,190.5,86.18248
Allen Iverson,182.88,74.84268
Alando Tucker,198.12,92.98636
Antonio Anderson,198.12,97.52228
Anthony Johnson,190.5,88.45044
Kenny Thomas,200.66,111.13004
Kevin Ollie,187.96,88.45044
Jonathan Bender,213.36,104.32616
Kareem Rush,198.12,97.52228
Josh Boone,208.28,108.86208
Malik Hairston,198.12,99.79024
Marcus Haislip,208.28,104.32616
Marcus Williams,190.5,92.98636
Mardy Collins,198.12,99.79024
Marcus Landry,200.66,104.32616
Lindsey Hunter,187.96,88.45044
J.R. Giddens,195.58,97.52228
Flip Murray,190.5,90.7184
Joe Alexander,203.2,104.32616
JamesOn Curry,190.5,86.18248
Jarvis Hayes,203.2,103.418976
Jason Hart,190.5,81.64656
Sean Singletary,182.88,83.91452
Jake Voskuhl,210.82,115.66596
Jacque Vaughn,185.42,86.18248
Hassan Adams,193.04,99.79024
Will Solomon,185.42,83.91452
Walter Sharpe,205.74,111.13004
Walter Herrmann,205.74,102.0582
Wally Szczerbiak,200.66,108.86208
Greg Buckner,193.04,95.25432
Fred Jones,187.96,102.0582
Gabe Pruitt,193.04,77.11064
Stromile Swift,208.28,99.79024
Steven Hill,213.36,111.13004
Stephon Marbury,187.96,92.98636
Sun Sun,205.74,92.98636
Speedy Claxton,180.34,77.11064
Tarence Kinsey,198.12,85.728888
Tyronn Lue,182.88,79.3786
Thomas Gardner,195.58,102.0582
Michael Ruffin,203.2,112.490816
Mike Taylor,187.96,74.84268
Mouhamed Sene,210.82,104.32616
Mark Blount,213.36,113.398
Mark Madsen,205.74,115.66596
Marko Jaric,200.66,101.604608
Matt Harpring,200.66,104.32616
Quincy Douby,190.5,79.3786
Robert Swift,215.9,122.46984
Rob Kurz,205.74,105.233344
Rashad McCants,193.04,97.52228
Juan Dixon,190.5,74.84268
Joe Crawford,195.58,95.25432
Javaris Crittenton,195.58,90.7184
Jeremy Richardson,200.66,88.45044
Jermareo Davidson,208.28,104.32616
Jerome James,215.9,129.27372
Linton Johnson,203.2,92.98636
Lorenzen Wright,210.82,115.66596
Maceo Baston,208.28,104.32616
Malik Rose,200.66,115.66596
Damon Jones,190.5,88.45044
Cuttino Mobley,193.04,97.52228
Courtney Sims,210.82,111.13004
Cheikh Samb,215.9,111.13004
Chris Mihm,213.36,120.20188
Darius Miles,205.74,106.59412
Dikembe Mutombo,218.44,117.93392
Dontell Jefferson,195.58,88.45044
Donyell Marshall,205.74,111.13004
Eddie Gill,182.88,86.18248
Cedric Simmons,205.74,106.59412
DeMarcus Nelson,193.04,90.7184
Demetris Nichols,203.2,97.975872
Desmon Farmer,195.58,99.79024
Dee Brown,182.88,83.91452
Andre Brown,205.74,111.13004
Anthony Roberson,187.96,81.64656
Adonal Foyle,208.28,122.46984
Alex Acker,195.58,83.91452
Calvin Booth,210.82,104.32616
Bruce Bowen,200.66,90.7184
Brevin Knight,177.8,75.296272
Brent Barry,200.66,95.25432
Austin Croshere,208.28,108.86208
Bobby Jackson,185.42,83.91452
Eddie Jones,198.12,90.7184
Darius Washington,187.96,88.45044
DerMarr Johnson,205.74,95.25432
Damon Stoudamire,177.8,77.564232
Dan Dickau,182.88,81.64656
Derek Anderson,195.58,88.45044
Darrell Armstrong,185.42,81.64656
Darrick Martin,180.34,77.11064
David Harrison,213.36,127.00576
Eric Piatkowski,200.66,97.52228
DJ Strawberry,195.58,91.171992
James Augustine,208.28,106.59412
Ira Newble,200.66,99.79024
Eric Snow,190.5,92.98636
Gordan Giricek,198.12,99.79024
Guillermo Diaz,187.96,83.91452
Anfernee Hardaway,200.66,97.52228
Antoine Walker,205.74,111.13004
Awvee Storey,198.12,102.0582
Billy Thomas,195.58,99.79024
Andre Owens,193.04,90.7184
Aaron Williams,205.74,106.59412
Adrian Griffin,195.58,104.32616
Alexander Johnson,205.74,104.32616
Alonzo Mourning,208.28,118.387512
Andre Barrett,177.8,78.471416
Bo Outlaw,203.2,99.79024
Bobby Jones,200.66,97.52228
Chris Webber,208.28,111.13004
Casey Jacobsen,198.12,97.52228
Bonzi Wells,195.58,95.25432
Bostjan Nachbar,205.74,100.243832
Nick Fazekas,210.82,106.59412
Othella Harrington,205.74,106.59412
P.J. Brown,210.82,108.408488
Pat Garrity,205.74,107.954896
Michael Doleac,210.82,118.841104
Raef LaFrentz,210.82,111.13004
Ruben Patterson,195.58,101.151016
Salim Stoudamire,185.42,79.3786
Sam Cassell,190.5,83.91452
Scot Pollard,210.82,126.098576
Shareef Abdur-Rahim,205.74,111.13004
Richie Frahm,195.58,91.625584
Robert Horry,208.28,108.86208
Juan Carlos Navarro,190.5,77.11064
Justin Williams,208.28,117.93392
Kaniel Dickens,203.2,97.52228
Kasib Powell,200.66,97.52228
Keith Langford,193.04,97.52228
Jorge Garbajosa,205.74,111.13004
Jeff McInnis,193.04,86.18248
Jelani McCoy,208.28,111.13004
Kirk Snyder,198.12,102.0582
Marcus Vinicius,203.2,102.0582
Luke Jackson,200.66,97.52228
Kosta Perovic,218.44,108.86208
Lance Allred,210.82,113.398
Loren Woods,218.44,117.93392
Taurean Green,182.88,80.285784
Troy Hudson,185.42,80.739376
Viktor Khryapa,205.74,98.883056
Smush Parker,193.04,86.18248
Stephane Lasme,203.2,97.52228
Steve Francis,190.5,95.25432
Jamal Sampson,210.82,106.59412
James Lang,208.28,138.34556
Jared Reiner,210.82,115.66596
Jalen Rose,203.2,97.52228
Jake Tsakalidis,218.44,131.54168
Ivan McFarlin,200.66,103.872568
Jackie Butler,208.28,117.93392
Julius Hodge,200.66,99.79024
Jumaine Jones,203.2,104.32616
Junior Harrington,193.04,86.18248
Keith McLeod,187.96,86.18248
Kelvin Cato,210.82,124.7378
Justin Reed,203.2,108.86208
Danny Fortson,203.2,117.93392
Daniel Ewing,190.5,83.91452
David Noel,198.12,104.32616
David Wesley,185.42,92.079176
Clifford Robinson,208.28,111.13004
Corliss Williamson,200.66,111.13004
Dajuan Wagner,190.5,90.7184
Dale Davis,210.82,114.305184
Damir Markota,208.28,102.0582
Gary Payton,193.04,86.18248
Eric Williams,203.2,99.79024
Esteban Batista,208.28,121.562656
Eddie Griffin,205.74,100.697424
Dijon Thompson,203.2,90.7184
Donell Taylor,195.58,87.543256
Doug Christie,198.12,92.98636
Randy Livingston,193.04,94.800728
Rafael Araujo,210.82,122.46984
Rawle Marshall,200.66,86.18248
Pape Sow,208.28,113.398
Pat Burke,210.82,113.398
Renaldo Major,200.66,86.18248
Scott Padgett,205.74,108.86208
Shammond Williams,185.42,91.171992
Slava Medvedenko,208.28,114.758776
Sarunas Jasikevicius,193.04,89.357624
Robert Hite,187.96,83.460928
Roger Powell,198.12,99.79024
Luke Schenscher,215.9,120.20188
Lynn Greer,187.96,79.3786
Marc Jackson,208.28,114.758776
Kevin Willis,213.36,111.13004
Kevinn Pinkney,208.28,111.13004
Lawrence Roberts,205.74,108.86208
Michael Sweetney,203.2,122.46984
Mike Hall,203.2,104.32616
Mile Ilic,215.9,115.66596
Michael Olowokandi,213.36,122.46984
Matt Freije,205.74,112.944408
Maurice Taylor,205.74,120.20188
Chris McCray,195.58,87.089664
Steven Smith,205.74,113.398
Aaron McKie,195.58,94.800728
Alan Henderson,205.74,108.86208
Yaroslav Korolev,205.74,92.079176
Will Blalock,182.88,92.98636
Wayne Simien,205.74,113.398
Vitaly Potapenko,208.28,129.27372
Vassilis Spanoulis,193.04,88.45044
Uros Slokar,208.28,107.954896
Allan Ray,187.96,86.18248
Alvin Williams,195.58,88.45044
Bracey Wright,190.5,91.171992
Cedric Bozeman,198.12,93.893544
Bernard Robinson,198.12,95.25432
Andreas Glyniadakis,215.9,127.00576
Eddie Basden,195.58,97.52228
Ervin Johnson,210.82,111.13004
Gerald Fitch,190.5,85.275296
Deng Gai,205.74,113.398
Derrick Zimmerman,190.5,88.45044
Devin Green,200.66,96.161504
Donta Smith,200.66,97.52228
Jermaine Jackson,195.58,92.532768
Jim Jackson,198.12,99.79024
Jiri Welsch,200.66,94.347136
James Thomas,205.74,111.13004
Greg Ostertag,218.44,127.00576
Ha Ha,220.98,138.34556
Howard Eisley,187.96,83.91452
Jackson Vroman,208.28,99.79024
John Edwards,213.36,124.7378
Anthony Goldwire,187.96,82.553744
Anthony Grundy,190.5,83.91452
Antonio Burks,182.88,88.45044
Antonio Davis,205.74,111.13004
Arvydas Macijauskas,193.04,97.068688
Boniface Ndong,213.36,92.98636
Alex Scales,193.04,88.45044
Chris Taft,208.28,118.387512
Brian Grant,205.74,115.212368
Bryon Russell,200.66,102.0582
Calbert Cheaney,200.66,95.25432
Charles Smith,193.04,90.7184
John Thomas,205.74,120.20188
Samaki Walker,205.74,117.93392
Sergei Monia,203.2,99.79024
Shandon Anderson,198.12,97.52228
Sharrod Ford,205.74,106.59412
Robert Whaley,208.28,117.93392
Qyntel Woods,203.2,99.79024
Randy Holcomb,205.74,99.79024
Reece Gaines,198.12,92.98636
Rick Brunson,193.04,86.18248
Vin Baker,210.82,108.86208
Voshon Lenard,193.04,97.52228
Walter McCarty,208.28,111.13004
Zarko Cabarkapa,210.82,104.32616
Zeljko Rebraca,213.36,120.20188
Zendon Hamilton,210.82,115.212368
Zoran Planinic,200.66,90.7184
Aaron Miles,185.42,86.18248
Stacey Augmon,203.2,96.615096
Terence Morris,205.74,100.243832
Toni Kukoc,210.82,106.59412
Tony Delk,187.96,85.728888
Jon Barry,195.58,95.25432
Pavel Podkolzin,226.06,117.93392
Lamond Murray,200.66,106.59412
Laron Profit,195.58,92.532768
Lee Nailon,205.74,109.315672
Lonny Baxter,203.2,117.93392
Maciej Lampe,210.82,124.7378
Keith Van Horn,208.28,111.13004
Kevin Burleson,190.5,92.98636
Milt Palacio,193.04,95.25432
Moochie Norris,185.42,83.91452
Nick Van Exel,185.42,86.18248
Nikoloz Tskitishvili,213.36,102.0582
Noel Felix,205.74,102.0582
Marcus Fizer,203.2,117.93392
Mario Kasun,215.9,117.93392
Martynas Andriuskevicius,218.44,108.86208
Mateen Cleaves,187.96,95.25432
Matt Walsh,198.12,99.79024
Melvin Sanders,195.58,95.25432
Michael Bradley,208.28,111.13004
George Lynch,203.2,106.59412
Erick Strickland,190.5,98.883056
Erik Daniels,203.2,97.068688
Frank Williams,190.5,96.161504
Fred Hoiberg,195.58,95.25432
Geno Carlisle,190.5,90.7184
Yuta Tabuse,175.26,74.84268
Elden Campbell,213.36,126.552168
Derrick Coleman,208.28,122.46984
Dion Glover,195.58,102.0582
Donnell Harvey,203.2,99.79024
Wesley Person,198.12,90.7184
Tierre Brown,187.96,85.728888
Theron Smith,203.2,102.0582
Tamar Slay,203.2,99.79024
Shawn Bradley,228.6,124.7378
Wang Zhi-zhi,215.9,128.820128
Tom Gugliotta,208.28,113.398
Vlade Divac,215.9,117.93392
Tremaine Fowlkes,203.2,99.79024
Travis Best,180.34,82.553744
Torraye Braggs,203.2,111.13004
Tony Massenburg,205.74,113.398
Tony Bobbitt,193.04,86.18248
Ben Handlogten,208.28,108.86208
Bob Sura,195.58,90.7184
Brandin Knight,182.88,81.64656
Brandon Hunter,200.66,120.655472
Anthony Peeler,193.04,94.347136
Anthony Miller,205.74,115.66596
Aleksandar Radojevic,220.98,113.398
Alex Garcia,190.5,88.45044
Allan Houston,198.12,92.98636
Andrew DeClercq,208.28,115.66596
Ansu Sesay,205.74,102.0582
Corsley Edwards,205.74,124.7378
Cory Alexander,185.42,86.18248
Curtis Borchardt,213.36,109.769264
Damone Brown,203.2,91.625584
Daniel Santiago,215.9,116.119552
Darvin Ham,200.66,108.86208
Britton Johnsen,208.28,95.25432
Bruno Sundov,218.44,117.93392
Charlie Ward,187.96,83.91452
Christian Laettner,210.82,111.13004
Clar. Weatherspoon,200.66,122.46984
Kenny Anderson,185.42,76.203456
Kendall Gill,195.58,97.975872
Kedrick Brown,200.66,100.697424
Kerry Kittles,195.58,83.91452
Lionel Chalmers,182.88,81.64656
Lawrence Funderburke,205.74,104.32616
Latrell Sprewell,195.58,88.45044
Kirk Penney,195.58,99.79024
Lucious Harris,195.58,92.98636
Jahidi White,205.74,131.54168
Jabari Smith,210.82,113.398
Ibrahim Kutluay,198.12,90.7184
Horace Jenkins,185.42,81.64656
Glenn Robinson,200.66,108.86208
Scott Williams,208.28,117.93392
Jerome Williams,205.74,93.439952
Jerome Moiso,208.28,117.93392
Jason Collier,213.36,117.93392
Jamison Brewer,193.04,88.45044
Luis Flores,187.96,88.45044
Predrag Drobnjak,210.82,122.46984
Peter John Ramos,220.98,124.7378
Paul Shirley,208.28,104.32616
Omar Cook,185.42,86.18248
Raul Lopez,182.88,79.3786
Obinna Ekezie,205.74,122.46984
Ryan Humphrey,203.2,106.59412
Ron Mercer,200.66,97.52228
Rodney White,205.74,104.32616
Rodney Rogers,200.66,122.46984
Rodney Buford,195.58,88.45044
Rod Strickland,190.5,83.91452
Robert Traylor,203.2,128.820128
Reggie Miller,200.66,88.45044
Mark Pope,208.28,106.59412
Mark Jones,198.12,97.52228
Mamadou N'diaye,213.36,115.66596
Maurice Baker,187.96,90.7184
Ndudi Ebi,205.74,88.45044
Michael Curry,195.58,95.25432
Michael Stewart,208.28,104.32616
Mitchell Butler,195.58,95.25432
Mengke Bateer,210.82,131.54168
Maurice Carter,195.58,95.25432
Quincy Lewis,200.66,97.52228
Popeye Jones,203.2,120.20188
Paul Grant,213.36,111.13004
Oliver Miller,205.74,142.88148
Olden Polynice,208.28,113.398
Keon Clark,210.82,100.243832
Mark Jackson,190.5,88.45044
Leon Smith,208.28,106.59412
Travis Hansen,198.12,92.98636
Tracy Murray,200.66,104.32616
Troy Bell,185.42,81.64656
Vladimir Stepania,215.9,115.66596
Tyrone Hill,205.74,113.398
Robert Pack,187.96,86.18248
Robert Archibald,210.82,113.398
Ruben Boumtje-Boumtje,213.36,116.573144
Rick Fox,200.66,106.59412
Slavko Vranes,226.06,124.7378
Shane Heal,182.88,81.64656
Rusty LaRue,190.5,83.91452
Sean Rooks,208.28,117.93392
Sean Lampley,198.12,96.615096
Scottie Pippen,203.2,103.418976
Desmond Penigar,200.66,111.13004
Karl Malone,205.74,117.480328
Chris Whitney,182.88,79.3786
Chris Jefferies,203.2,104.32616
Chris Crawford,205.74,106.59412
Cherokee Parks,210.82,108.86208
Charles Oakley,205.74,111.13004
Cezary Trybanski,218.44,108.86208
Corie Blount,208.28,109.769264
Dana Barros,180.34,74.84268
Dan Langhi,210.82,99.79024
Bryce Drew,190.5,83.460928
Alton Ford,205.74,127.00576
Amal McCaskill,210.82,106.59412
Brandon Armstrong,195.58,83.91452
Bimbo Coles,187.96,82.553744
Avery Johnson,180.34,83.91452
Jamal Mashburn,203.2,112.037224
John Wallace,205.74,102.0582
Jerome Beasley,205.74,107.501304
Jeff Trepagnier,193.04,90.7184
J.R. Bremer,187.96,83.91452
Eddie Robinson,205.74,95.25432
Doug Overton,190.5,86.18248
Desmond Ferguson,200.66,95.25432
Derrick Dial,193.04,83.460928
Hubert Davis,195.58,83.007336
Horace Grant,208.28,111.13004
Hiram Fuller,205.74,108.86208
Gary Trent,203.2,113.398
Jeryl Sasser,198.12,90.7184
John Amaechi,208.28,122.46984
John Crotty,185.42,83.91452
Chris Childs,190.5,88.45044
Brian Shaw,198.12,90.7184
Chris Dudley,210.82,117.93392
Dalibor Bagaric,215.9,131.54168
Courtney Alexander,195.58,92.98636
Corey Benjamin,198.12,90.7184
Chris Owens,200.66,111.13004
Chris Mills,200.66,99.79024
Adam Harrington,195.58,90.7184
Anthony Mason,203.2,115.66596
Arvydas Sabonis,220.98,132.448864
Art Long,205.74,113.398
Antonio Harvey,210.82,113.398
Antoine Rigaudeau,200.66,95.25432
Danny Ferry,208.28,106.59412
Igor Rakocevic,187.96,83.460928
Guy Rucker,205.74,122.46984
Greg Foster,210.82,108.86208
Grant Long,205.74,108.86208
Jay Williams,187.96,88.45044
Jason Caffey,203.2,116.119552
Don Reid,203.2,113.398
Dean Oliver,180.34,79.3786
John Stockton,185.42,79.3786
David Robinson,215.9,113.398
Danny Manning,208.28,106.140528
Donny Marshall,200.66,104.32616
Evan Eschmeyer,210.82,115.66596
Emanual Davis,195.58,88.45044
Efthimios Rentzias,210.82,113.398
A.J. Guyton,185.42,81.64656
Joseph Forte,193.04,87.996848
Shawn Kemp,208.28,127.00576
Soumaila Samake,208.28,108.86208
Ruben Wolkowyski,208.28,124.7378
Reggie Slater,200.66,115.66596
Vincent Yarbrough,200.66,95.25432
Walt Williams,203.2,104.32616
Tariq Abdul-Wahad,198.12,102.0582
Tim Hardaway,182.88,88.45044
Tito Maddox,193.04,86.18248
Todd MacCulloch,213.36,115.66596
Travis Knight,213.36,106.59412
Randy Brown,187.96,86.18248
Steve Kerr,185.42,81.64656
LaPhonso Ellis,203.2,108.86208
Lavor Postell,195.58,97.52228
Mark Bryant,205.74,113.398
Kirk Haston,205.74,109.769264
Juaquin Hawkins,200.66,92.98636
Ken Johnson,208.28,108.86208
Kenny Satterfield,187.96,77.11064
Mark Strickland,208.28,99.79024
Nate Huffman,215.9,111.13004
Olumide Oyedeji,208.28,108.86208
Oscar Torres,198.12,95.25432
Pepe Sanchez,193.04,88.45044
Predrag Savovic,198.12,102.0582
Monty Williams,203.2,102.0582
Matt Maloney,190.5,87.089664
Michael Dickerson,195.58,86.18248
Michael Jordan,198.12,97.975872
Mike Batiste,203.2,102.0582
Mike Penberthy,190.5,81.64656
Matt Geiger,205.74,110.222856
Matt Bullard,208.28,97.52228
Mitch Richmond,195.58,99.79024
Norman Richardson,195.58,90.7184
Nick Anderson,198.12,92.98636
Mookie Blaylock,182.88,81.64656
John Starks,195.58,86.18248
Jud Buechler,198.12,103.418976
Johnny Newman,200.66,95.25432
Larry Robinson,190.5,81.64656
Trajan Langdon,190.5,89.357624
Tim James,200.66,96.161504
Terry Porter,190.5,92.98636
Terrell Brandon,180.34,78.471416
Tyrone Nesby,198.12,111.13004
William Avery,187.96,89.357624
Vonteego Cummings,190.5,86.18248
Vinny Del Negro,193.04,83.91452
Victor Alexander,208.28,120.20188
Tang Hamilton,203.2,99.79024
Sam Mack,200.66,99.79024
Ratko Varda,215.9,117.93392
Sam Mitchell,200.66,97.52228
Steve Goodrich,208.28,99.79024
Shawnelle Scott,208.28,113.398
Chris Gatling,208.28,99.79024
Cedric Henderson,200.66,102.0582
Carlos Rogers,210.82,105.233344
Cal Bowdler,208.28,114.758776
Chucky Brown,203.2,99.79024
Dan Majerle,198.12,100.697424
Bryant Stith,195.58,95.25432
Alvin Jones,210.82,120.20188
Brent Price,185.42,83.91452
Antonis Fotsis,208.28,99.336648
Dean Garrett,210.82,113.398
Isaiah Rider,195.58,97.52228
Ira Bowman,195.58,88.45044
Ike Fontaine,193.04,95.25432
Ike Austin,208.28,130.634496
Harold Jamison,205.74,122.016248
Hanno Mottola,210.82,112.037224
Hakeem Olajuwon,213.36,115.66596
Greg Anthony,185.42,81.64656
Joe Crispin,182.88,83.91452
Jaren Jackson,198.12,102.0582
Dickey Simpkins,205.74,112.490816
Derrick McKey,208.28,109.315672
Dell Curry,195.58,92.98636
George McCloud,203.2,102.0582
Felton Spencer,213.36,131.54168
Felipe Lopez,195.58,88.45044
Erick Barkley,185.42,80.285784
Eric Montross,213.36,122.46984
Elliot Perry,182.88,68.0388
Eldridge Recasner,190.5,86.18248
Ernest Brown,213.36,110.676448
Jamel Thomas,198.12,99.336648
Don MacLean,208.28,106.59412
Doug West,198.12,90.7184
Dragan Tarlac,210.82,122.46984
Duane Causwell,213.36,115.66596
Detlef Schrempf,208.28,106.59412
David Benoit,203.2,99.79024
David Vanterpool,195.58,90.7184
David Wingate,195.58,84.821704
Derek Strong,205.74,108.86208
Dan McClintock,213.36,122.46984
Zan Tabak,213.36,116.573144
Will Perdue,213.36,108.86208
Vernon Maxwell,193.04,86.18248
Tyus Edney,177.8,75.296272
Hersey Hawkins,190.5,90.7184
Etdrick Bohannon,205.74,99.79024
Garth Joseph,218.44,138.799152
Gary Grant,190.5,83.91452
Gerard King,205.74,104.32616
Bill Curley,205.74,99.79024
Billy Owens,203.2,99.79024
Andy Panko,205.74,111.13004
Jamal Robinson,200.66,96.161504
J.R. Reid,205.74,112.037224
Adam Keefe,205.74,104.32616
A.C. Green,205.74,102.0582
Chris Herren,187.96,86.18248
Chris Mullin,198.12,90.7184
Chris Porter,200.66,98.883056
Chris Garner,177.8,70.760352
Bryant Reeves,213.36,131.54168
Cedric Ceballos,200.66,99.79024
Chris Carr,198.12,99.79024
Mario Elie,195.58,102.0582
Mahmoud Abdul-Rauf,185.42,73.481904
Luc Longley,218.44,120.20188
Loy Vaught,205.74,108.86208
Larry Johnson,200.66,106.59412
Mike Smith,203.2,88.45044
Michael Smith,203.2,108.86208
Lari Ketner,205.74,125.644984
Michael Hawkins,182.88,80.739376
Jim McIlvaine,215.9,108.86208
Jerome Kersey,200.66,97.52228
Jamie Feick,205.74,115.66596
James Robinson,187.96,81.64656
Tyrone Corbin,198.12,95.25432
John Coker,213.36,114.758776
Kornel David,205.74,104.32616
Khalid El-Amin,177.8,90.7184
Kevin Edwards,190.5,95.25432
Muggsy Bogues,160.02,61.688512
Sherman Douglas,182.88,81.64656
Sean Elliott,203.2,99.79024
Sean Colson,182.88,79.3786
Terrance Roberson,200.66,97.52228
Tony Smith,190.5,83.91452
Tom Hammonds,205.74,97.52228
Todd Fuller,210.82,115.66596
Todd Day,198.12,85.275296
Terry Mills,208.28,104.32616
Terry Davis,208.28,122.46984
Scott Burrell,200.66,98.883056
Pervis Ellison,205.74,95.25432
Paul McPherson,193.04,95.25432
Otis Thorpe,208.28,112.490816
Sam Perkins,205.74,117.93392
Sam Jacobson,193.04,97.52228
Ruben Garces,205.74,111.13004
Roshown McLeod,203.2,100.243832
Ron Harper,198.12,97.52228
A.J. Bramlett,208.28,102.965384
John Celestand,193.04,80.739376
Drew Barry,195.58,86.636072
Eric Murdock,185.42,86.18248
DeMarco Johnson,205.74,111.13004
Dedric Willoughby,190.5,81.64656
Dennis Rodman,200.66,95.25432
Dennis Scott,203.2,103.872568
Derek Hood,203.2,104.32616
Devin Gray,200.66,108.86208
Fred Vinson,193.04,86.18248
Jason Miskiri,187.96,83.91452
Jeff Hornacek,193.04,86.18248
Joe Kleine,210.82,115.66596
Joe Stephens,200.66,95.25432
Gheorghe Muresan,231.14,137.438376
Haywoode Workman,187.96,81.64656
Antonio Lang,203.2,92.98636
Armen Gilliam,205.74,117.93392
B.J. Armstrong,187.96,83.91452
Ben Davis,205.74,111.13004
Benoit Benjamin,213.36,113.398
Bill Wennington,213.36,111.13004
Bobby Phills,195.58,95.25432
Andrae Patterson,205.74,107.954896
Andrew Lang,210.82,124.7378
Anthony Avent,205.74,108.86208
Antoine Carr,205.74,102.0582
Chuck Person,203.2,109.315672
Dale Ellis,200.66,92.98636
Charles R. Jones,190.5,81.64656
Chris Anstey,213.36,112.944408
Charles Barkley,198.12,114.305184
Stanley Roberts,213.36,131.54168
Ryan Robertson,195.58,86.18248
Rex Chapman,193.04,83.91452
Rex Walters,193.04,86.18248
Rick Hughes,205.74,106.59412
Rik Smits,223.52,120.20188
Rodrick Rhodes,198.12,102.0582
Roy Rogers,208.28,106.59412
Ryan Stack,210.82,97.52228
Wayne Turner,187.96,86.18248
Terry Cummings,205.74,99.79024
Thomas Hamilton,218.44,149.68536
Tim Legler,193.04,90.7184
Reggie Jordan,193.04,88.45044
Toby Bailey,198.12,96.615096
Tony Farmer,205.74,110.676448
Tim Young,218.44,122.46984
John Salley,210.82,115.66596
Lazaro Borrell,203.2,99.79024
Lorenzo Williams,205.74,90.7184
Malik Sealy,203.2,90.7184
Marcus Brown,190.5,83.91452
Mario Bennett,198.12,106.59412
Kiwane Garris,187.96,83.007336
Khalid Reeves,190.5,90.264808
Johnny Taylor,205.74,99.79024
Kevin Johnson,185.42,86.18248
Keith Closs,220.98,96.161504
Mark Davis,200.66,92.98636
Pete Chilcutt,208.28,111.13004
Randell Jackson,210.82,97.52228
Mark West,208.28,104.32616
Marty Conlon,208.28,101.604608
Michael Cage,205.74,101.604608
Mark Hendrickson,205.74,99.79024
Mirsad Turkcan,205.74,97.975872
Brian Evans,203.2,99.79024
Carl Herrera,205.74,102.0582
Casey Shaw,210.82,117.93392
Bison Dele,210.82,117.93392
Blue Edwards,193.04,90.7184
Charles O'Bannon,195.58,94.800728
Cory Carr,193.04,95.25432
Corey Beck,190.5,90.7184
Dan Schayes,210.82,117.93392
Charles Shackleford,210.82,111.13004
Chris King,203.2,97.52228
Chris Morris,203.2,103.418976
Travis Williams,198.12,97.52228
Thurl Bailey,210.82,112.037224
Trevor Winter,213.36,124.7378
Willie Burton,203.2,95.25432
William Cunningham,210.82,108.86208
Tyson Wheeler,177.8,74.84268
Terry Dehere,193.04,86.18248
Alvin Sims,193.04,106.59412
Andrew Gaze,200.66,92.98636
Adonis Jordan,180.34,77.11064
Stojko Vrankovic,218.44,117.93392
Steve Henson,180.34,80.285784
Shawn Respert,185.42,88.45044
David Vaughn,205.74,108.86208
Mark Macon,193.04,83.91452
Marko Milic,198.12,106.59412
Marlon Garnett,187.96,84.368112
Micheal Williams,187.96,79.3786
Miles Simon,190.5,91.625584
Korleone Young,200.66,96.615096
Mark Baker,185.42,79.3786
Lee Mayberry,185.42,78.017824
Litterial Green,185.42,83.91452
Loren Meyer,208.28,117.93392
Rick Mahorn,208.28,117.93392
Rony Seikaly,210.82,114.758776
Negele Knight,185.42,79.3786
Peter Aluma,208.28,117.93392
Pooh Richardson,185.42,81.64656
Kelly McCarty,200.66,90.7184
Eric Riley,213.36,111.13004
Eric Washington,193.04,86.18248
Gerald Brown,193.04,95.25432
Gerald Wilkins,198.12,83.91452
Eddie Johnson,200.66,97.52228
DeJuan Wheat,182.88,74.84268
Derek Harper,193.04,93.439952
Dominique Wilkins,203.2,104.32616
Duane Ferrell,200.66,97.52228
Dwayne Schintzius,218.44,129.27372
Ed Gray,190.5,95.25432
Jimmy Oliver,195.58,92.98636
Joe Dumars,190.5,88.45044
Joe Wolf,210.82,104.32616
Jonathan Kerner,210.82,111.13004
Keith Askins,203.2,97.52228
Keith Booth,198.12,102.511792
Jerald Honeycutt,205.74,115.212368
Jeff Sheppard,190.5,86.18248
Harvey Grant,205.74,102.0582
Herb Williams,210.82,117.93392
Hot Rod Williams,210.82,111.13004
J.R. Henderson,203.2,105.686936
James Cotton,195.58,99.79024
Jamie Watson,200.66,86.18248
Jason Sasser,200.66,102.0582
Jayson Williams,205.74,108.86208
Greg Minor,198.12,95.25432
Martin Muursepp,205.74,106.59412
Mark Price,182.88,81.64656
Michael McDonald,208.28,105.233344
Priest Lauderdale,223.52,147.4174
Pete Myers,198.12,81.64656
Nate McMillan,195.58,95.25432
Kebu Stewart,203.2,108.408488
Lloyd Daniels,200.66,92.98636
Ledell Eackles,195.58,104.779752
Lawrence Moten,195.58,83.91452
Kevin Salvadori,213.36,104.779752
Reggie Hanson,203.2,88.45044
Tony Dumas,198.12,86.18248
Tom Chambers,208.28,99.79024
Tim Kempton,208.28,111.13004
Tim Breaux,200.66,97.52228
Yinka Dare,213.36,120.20188
Xavier McDaniel,200.66,92.98636
Vincent Askew,198.12,95.25432
Ricky Pierce,193.04,97.52228
Reggie Geary,187.96,84.821704
Stephen Howard,205.74,102.0582
Spud Webb,167.64,60.327736
Shea Seals,195.58,95.25432
Scott Brooks,180.34,74.84268
Sharone Wright,210.82,117.93392
Sean Higgins,205.74,92.98636
Clyde Drexler,200.66,100.697424
Clifford Rozier,210.82,111.13004
Chris Robinson,195.58,90.7184
Derek Grimm,205.74,104.32616
Donald Royal,203.2,98.883056
Donald Whiteside,177.8,72.57472
Dontae' Jones,203.2,99.79024
Dontonio Wingfield,203.2,116.119552
Charles Jones,205.74,97.52228
Adrian Caldwell,203.2,120.20188
Alton Lister,213.36,111.13004
Anthony Bowie,198.12,90.7184
Brooks Thompson,193.04,87.543256
Bubba Wells,195.58,104.32616
Buck Williams,203.2,102.0582
Carl Thomas,193.04,88.45044
Brian Oliver,193.04,95.25432
Bob McCann,198.12,110.676448
Bobby Hurley,182.88,74.84268
Brad Lohaus,210.82,104.32616
George Zidek,213.36,113.398
Gerald Madkins,193.04,90.7184
God Shammgod,182.88,76.657048
Ed Stokes,213.36,119.748288
James Collins,193.04,88.904032
Greg Anderson,208.28,113.398
Jack Haley,208.28,108.86208
Jason Lawson,210.82,108.86208
Jeff Grayer,195.58,95.25432
Jeff Nordgaard,200.66,102.0582
Ivano Newbill,208.28,111.13004
Greg Graham,193.04,78.925008
Henry James,203.2,99.79024
Harold Ellis,195.58,99.79024
Horacio Llamas,210.82,129.27372
Earl Cureton,205.74,95.25432
Ed O'Bannon,203.2,100.697424
Ed Pinckney,205.74,108.86208
Elmer Bennett,182.88,77.11064
Elmore Spencer,213.36,122.46984
Ennis Whatley,190.5,80.285784
Eric Leckner,210.82,120.20188
Eric Mobley,210.82,106.59412
Dell Demps,190.5,92.98636
Derrick Alston,210.82,102.0582
Dexter Boney,193.04,83.91452
Evric Gray,200.66,106.59412
Dino Radja,210.82,102.0582
Donnie Boyce,195.58,88.904032
Frankie King,185.42,83.91452
James Scott,198.12,81.64656
Fred Roberts,208.28,98.883056
Gaylon Nickerson,190.5,86.18248
Frank Brickowski,205.74,108.86208
Greg Dreiling,215.9,120.20188
David Wood,205.74,104.32616
Ashraf Amaya,203.2,104.32616
Brent Scott,208.28,113.398
Brett Szabo,210.82,104.32616
Acie Earl,210.82,108.86208
Aleksandar Djordjevic,187.96,89.811216
Craig Ehlo,198.12,81.64656
Cuonzo Martin,195.58,96.615096
Darrin Hancock,200.66,92.98636
Jerome Allen,193.04,83.460928
Byron Scott,193.04,92.98636
Chris Jent,200.66,99.79024
Rumeal Robinson,187.96,88.45044
Sarunas Marciulionis,195.58,90.7184
Sasha Danilovic,198.12,90.7184
Ruben Nembhard,190.5,94.347136
Sedale Threatt,187.96,83.91452
Randolph Childress,187.96,85.275296
Ray Owes,205.74,101.604608
Richard Manning,210.82,111.13004
Robert Parish,215.9,110.676448
Robert Werdann,210.82,113.398
Rafael Addison,203.2,109.315672
Tracy Moore,193.04,90.7184
Wayman Tisdale,205.74,117.93392
Willie Anderson,203.2,90.7184
Stacey King,210.82,113.398
Steve Hamer,213.36,111.13004
Steve Scheffler,205.74,113.398
Stevin Smith,187.96,94.347136
Kevin Duckworth,213.36,136.0776
Kevin Gamble,195.58,95.25432
LaSalle Thompson,208.28,111.13004
Larry Krystkowiak,205.74,99.79024
Larry Stewart,203.2,104.32616
Lionel Simmons,200.66,95.25432
Kenny Smith,190.5,77.11064
Jimmy Carruth,208.28,120.20188
Jimmy King,195.58,95.25432
Joe Courtney,203.2,106.59412
Keith Tower,210.82,113.398
Ken Norman,203.2,97.52228
John Long,195.58,90.7184
Lou Roe,200.66,99.79024
Mike Brown,208.28,117.93392
Nate Driggers,195.58,97.52228
Melvin Booker,187.96,83.91452
Matt Steigenga,200.66,102.0582
Mark Bradtke,208.28,120.20188
Martin Lewis,198.12,102.0582
Matt Fish,210.82,106.59412
